0.464259028435,1.68162496266e-05,0.0727498903871,0.798210322857,0.171833753586,0.546383142471,0.375558108091,0.398659944534,0.212602108717,0.258933603764,0.221157714725,0.987444281578
0.828590273857,0.356596142054,0.0569988451898,0.352023750544,0.465619087219,0.0386520884931,0.488399595022,0.341607093811,0.285149365664,0.354164063931,0.063089735806,0.15629696846
3.00000096379e-14,0.622126698494,0.0955903604627,3.00000096379e-14,0.979391694069,0.623890817165,1.57784197654e-05,0.808817088604,0.0786792039871,0.000685711565893,3.06997867483e-06,0.37607729435
0.27941930294,0.0307541359216,0.0106272427365,0.489552855492,0.205220997334,0.690761804581,0.748114943504,0.539854228497,0.096941255033,0.0958824679255,0.777156531811,0.999656200409
0.90933817625,0.618778467178,0.0138161685318,0.184943497181,0.245852068067,0.161173000932,0.222281336784,0.755101323128,0.283906787634,0.961578905582,0.978335261345,0.832602381706
3.00000096379e-14,0.622126698494,0.0955903604627,3.00000096379e-14,0.979391694069,0.01818748191,1.57784197654e-05,0.808817088604,0.0561292245984,0.00139666115865,0.00560433464125,0.0231515672058
0.883695960045,0.027963174507,0.837407231331,0.00340314605273,0.0814137607813,0.543315112591,0.173771247268,0.0128211239353,0.556443870068,0.991397738457,0.990903139114,0.981698036194
0.0699101090431,0.268687546253,0.00419562216848,0.69377630949,0.253250986338,0.373673290014,0.506171405315,0.0501815862954,0.0844454318285,0.687886655331,0.98475086689,0.987531483173
0.254624575377,0.686374664307,0.167837500572,0.125239193439,0.349323838949,0.105693496764,0.679516434669,0.662792980671,0.359572798014,0.185596629977,0.83522772789,0.0700297132134
3.00000096379e-14,0.622126698494,0.0955903604627,3.00000096379e-14,0.979391694069,0.647984147072,1.57784197654e-05,0.808817088604,0.201099187136,0.0179065410048,0.116171933711,0.00328185549006
3.00000096379e-14,0.622126698494,0.0955903604627,3.00000096379e-14,0.979391694069,0.0041932053864,1.57784197654e-05,0.808817088604,0.113564074039,0.00237484718673,1.33944254799e-07,0.0147535447031
3.00000096379e-14,0.622126698494,0.0955903604627,3.00000096379e-14,0.979391694069,0.200298786163,1.57784197654e-05,0.808817088604,0.175087675452,0.00411078333855,5.67454890188e-07,5.57173862603e-10
0.469523310661,0.0577906109393,0.00434497185051,0.938576877117,0.242447569966,0.745332419872,0.784889042377,0.0169275254011,0.068366125226,0.300375342369,0.387312561274,0.999962449074
0.899070501328,0.0230626761913,0.0342728607357,0.749044179916,0.136639788747,0.252516180277,0.622240781784,0.0292825400829,0.245359793305,0.0910855233669,0.843999266624,0.992016494274
0.00624516280368,0.0862295925617,0.0110918106511,0.765473663807,0.314732164145,0.471542477608,0.7550380826,0.275550723076,0.057965785265,0.0579546913505,0.950381755829,0.966706871986
0.577301323414,0.12049331516,1.67970065377e-05,0.810653746128,0.519078075886,0.634204983711,0.798250436783,0.100461669266,0.156975865364,0.539318501949,0.116844072938,0.650918006897
0.616291701794,0.436819046736,0.00400101207197,0.742417931557,0.272844195366,0.637273788452,0.909023523331,0.212646886706,0.074798732996,0.629618346691,0.159022286534,0.987403392792
0.375746309757,0.0343721359968,0.0132177388296,0.737625181675,0.509919285774,0.321632504463,0.672338426113,0.160498827696,0.356759190559,0.319035023451,0.852938294411,0.85694360733
3.00000096379e-14,0.622126698494,0.0955903604627,3.00000096379e-14,0.979391694069,0.104718312621,1.57784197654e-05,0.808817088604,0.102235458791,0.000288320152322,2.56669153487e-07,0.00738148204982
0.338366448879,0.0273168962449,0.00315020279959,0.592223763466,0.332313418388,0.602832913399,0.805273115635,0.128541231155,0.177436888218,0.953344941139,0.635695278645,0.994003772736
0.832028687,0.0106214275584,0.0281889196485,0.833363592625,0.309243828058,0.44777238369,0.471245825291,0.05978487432,0.0792270973325,0.0362264476717,0.222410663962,0.983532428741
0.771295011044,0.342860609293,7.82588176662e-06,0.960183620453,0.052391692996,0.0906664729118,0.524089396,0.152558863163,0.0772492289543,0.55846786499,0.211770042777,0.999872386456
0.553976356983,0.42648100853,6.75451701682e-07,0.985618233681,0.672488451004,0.122497774661,0.693876504898,0.175347432494,0.0839534178376,0.000897389370948,0.0664936676621,0.987674474716
3.00000096379e-14,0.622126698494,0.0955903604627,3.00000096379e-14,0.979391694069,0.192458987236,1.57784197654e-05,0.808817088604,0.0894037112594,0.00204556412064,0.0112217050046,8.11654172139e-06
0.00528969895095,0.0114277387038,0.0111711798236,0.818946361542,0.210445553064,0.962970554829,0.456297367811,0.061352789402,0.0719558820128,0.658850133419,0.695119738579,0.999649643898
0.277361541986,0.112132683396,6.06537741987e-06,0.916807413101,0.206508114934,0.570656478405,0.781982302666,0.2130253613,0.198073968291,0.904743015766,0.411673337221,0.921629369259
0.011581431143,0.119493089616,1.18710668175e-05,0.983328044415,0.684725344181,0.454468131065,0.837726294994,0.0125329317525,0.0542700588703,0.159014895558,0.435035377741,0.923635482788
0.327305942774,0.115656778216,9.91136948869e-06,0.828669965267,0.530604302883,0.0807967036963,0.612881541252,0.275151848793,0.175722673535,0.924139559269,0.890164673328,0.831277191639
0.0745880454779,0.973385155201,0.314966291189,0.0653864219785,0.131095722318,0.681559801102,0.381986528635,0.169967025518,0.347595006227,0.612531721592,0.903873562813,0.980816543102
3.00000096379e-14,0.622126698494,0.0955903604627,3.00000096379e-14,0.979391694069,0.7696185112,1.57784197654e-05,0.808817088604,0.0526343621314,0.00859289243817,1.58215016199e-06,0.00358934467658
0.32458627224,0.0139597635716,0.0084310779348,0.963204324245,0.287715137005,0.250561654568,0.757572114468,0.0572638362646,0.0365360230207,0.343371778727,0.678206980228,0.997320950031
3.00000096379e-14,0.622126698494,0.0955903604627,3.00000096379e-14,0.979391694069,0.0273106824607,1.57784197654e-05,0.808817088604,0.102917991579,0.00272572715767,2.45041792368e-06,0.00353801320307
3.00000096379e-14,0.622126698494,0.0955903604627,3.00000096379e-14,0.979391694069,0.00628485670313,1.57784197654e-05,0.808817088604,0.02316471003,0.000172918473254,2.66882580036e-07,0.0191894005984
0.141812086105,0.143518611789,0.00648535834625,0.779118657112,0.0444129854441,0.694537222385,0.345544010401,0.260499030352,0.187919810414,0.966825723648,0.793772220612,0.859323084354
0.367187052965,0.181693062186,0.0266439914703,0.66018974781,0.249956399202,0.152587175369,0.71104902029,0.19738048315,0.218854948878,0.188717827201,0.0837371274829,0.507782042027
0.932367086411,0.00365582085215,0.037297938019,0.510863125324,0.120152853429,0.806455850601,0.431491851807,0.215462744236,0.253734081984,0.739233136177,0.731843411922,0.999265193939
0.887371778488,0.12098544091,0.286279380322,4.06428085631e-10,0.248086795211,0.306555718184,0.0210287123919,0.808367729187,0.124052077532,0.908779919147,0.980359792709,0.331736236811
0.784787118435,0.719906270504,0.152383461595,0.113662831485,0.125668793917,0.476622343063,0.380586534739,0.423339724541,0.444465219975,0.999983847141,0.961689829826,0.851513683796
0.244069963694,0.111206144094,0.00887908134609,0.91882532835,0.695367336273,0.213242679834,0.715590000153,0.0537774115801,0.190205663443,0.072686418891,0.554228961468,0.68739593029
0.782717645168,0.552394092083,0.0123803680763,0.933344185352,0.120524294674,0.56185656786,0.678332805634,0.163144513965,0.0688659846783,0.229695633054,0.204683318734,0.986065387726
3.00000096379e-14,0.622126698494,0.0955903604627,3.00000096379e-14,0.979391694069,0.17237098515,1.57784197654e-05,0.808817088604,0.0696543753147,0.00193739007227,1.53769597091e-05,0.00537719158456
0.00390434963629,0.696683824062,0.998006880283,0.00588749721646,0.00620882818475,0.261763513088,0.00421492615715,0.923631429672,0.935623407364,0.912151813507,0.988698780537,0.00779901212081
0.165768846869,0.951520204544,0.339133262634,2.52282177371e-07,0.156920611858,0.521488904953,0.0789114162326,0.987427771091,0.480519771576,0.916408777237,0.999133110046,5.63802984743e-07
0.41404157877,0.565512776375,0.0339039713144,0.278659671545,0.0663197934628,0.0887682437897,0.58697783947,0.646313369274,0.425547033548,0.967967867851,0.922590374947,0.5611795187
0.00389033602551,0.309012085199,0.0581815838814,0.0901690870523,0.767936170101,0.104536347091,0.0505026057363,0.943829238415,0.184209868312,0.161141812801,0.134040355682,0.36450868845
0.729008197784,0.0218746308237,0.00478047225624,0.93642270565,0.493601381779,0.371700793505,0.783540189266,0.010036832653,0.118290841579,0.592469930649,0.728615820408,0.575828433037
3.00000096379e-14,0.622126698494,0.0955903604627,3.00000096379e-14,0.979391694069,0.666983664036,1.57784197654e-05,0.808817088604,0.205050304532,0.00151908316184,1.24446145833e-07,3.95104713391e-08
0.190401539207,0.623505234718,0.0222293063998,0.685637235641,0.0359315685928,0.247131347656,0.414394974709,0.0627123340964,0.218848854303,0.211269289255,0.82047522068,0.996589124203
3.00000096379e-14,0.622126698494,0.0955903604627,3.00000096379e-14,0.979391694069,0.0930507183075,1.57784197654e-05,0.808817088604,0.128398165107,0.00656480435282,8.44639700404e-08,1.34408801387e-05
0.19201824069,0.045425567776,1.33149687827e-05,0.99043494463,0.0766535103321,0.582472205162,0.506471693516,0.00475657172501,0.123330578208,0.631138861179,0.78871268034,0.99755769968
3.00000096379e-14,0.622126698494,0.0955903604627,3.00000096379e-14,0.979391694069,0.302736520767,1.57784197654e-05,0.808817088604,0.130635544658,0.00054226082284,1.19975402413e-06,0.0107330819592
0.108768902719,0.242732509971,0.889511287212,0.0412913970649,0.079411290586,0.5,0.0276445467025,0.967128932476,0.787272036076,0.429242193699,0.938849389553,0.904836893082
0.0188864190131,0.54893475771,0.977479398251,0.00766270747408,0.14776134491,0.0514658167958,0.0165269691497,0.982152581215,0.531812429428,0.641880631447,0.871218144894,3.06151787299e-06
0.0556066967547,0.0941191837192,0.23045411706,0.260311812162,0.352005779743,0.923249423504,0.301982343197,0.342331051826,0.273824870586,0.987150013447,0.490223765373,0.986148953438
0.00612206151709,0.230660870671,0.982123911381,0.00540143391117,0.355524301529,0.0220171101391,0.00109137187246,0.999998748302,0.877253472805,0.156260684133,0.971852421761,0.00648302212358
0.0250971131027,0.828647434711,0.954355120659,0.00508011132479,0.0400808341801,0.0567997731268,0.0136675285175,0.927124977112,0.731177091599,0.827147364616,0.99256259203,0.0356529057026
0.0254396833479,0.931903064251,0.625159144402,0.138979002833,0.600125491619,0.208975419402,0.0261773522943,0.969335854053,0.376356035471,0.146086573601,0.0659332275391,4.00644694309e-06
0.0131081184372,0.377828776836,0.862901926041,0.0530315376818,0.097267948091,0.00361414672807,0.00976513046771,0.992173671722,0.7246286273,0.00796311255544,0.0513993129134,0.0736252889037
0.579617440701,0.930001020432,0.086607798934,0.0839902833104,0.206304803491,0.703997552395,0.0811600610614,0.242144018412,0.419702261686,0.482835590839,0.976973414421,7.27868564354e-06
0.01482907217,0.412393778563,0.954995810986,0.00391634600237,0.155075013638,0.156809061766,0.00366234732792,0.991014778614,0.51616191864,0.836508214474,0.858063876629,0.00778721133247
0.0192544590682,0.625184059143,0.968501985073,0.00354560161941,0.0561403892934,0.214101672173,0.0063955290243,0.99744361639,0.766927957535,0.988750517368,0.982737839222,0.0193492677063
0.00294776679948,0.856944084167,0.999917268753,0.00705150002614,0.0175661481917,0.0202183965594,0.000934910145588,0.987705528736,0.91907787323,0.19545006752,0.999960422516,0.0412204749882
0.0284640677273,0.696813285351,0.706832587719,0.157063767314,0.435938149691,0.427156031132,0.0856703817844,0.955052554607,0.860549211502,0.0763733685017,0.800516426563,0.300420641899
0.0307405628264,0.881538629532,0.920240879059,0.0056993025355,0.180572867393,0.531586408615,0.0219995379448,0.965643703938,0.513390421867,0.65014731884,0.939640939236,0.0450931861997
0.0318016670644,0.649040699005,0.84731978178,0.0139799052849,0.222690597177,0.168376728892,0.0175853148103,0.926036059856,0.858198523521,0.550053656101,0.991323947906,0.00373844755813
0.116927564144,0.970349252224,0.972602725029,0.00333038927056,0.0967749282718,0.436229258776,0.00360445771366,0.974663376808,0.937378823757,0.77695196867,0.99733543396,0.0215821955353
0.00795919634402,0.726725518703,0.976426243782,0.00756379216909,0.192724078894,0.0137407658622,0.00569810438901,0.970825493336,0.87290585041,0.803508222103,0.156638592482,0.993089616299
0.0367585159838,0.665546655655,0.414421498775,0.0471758134663,0.88595354557,0.87442445755,0.647973895073,0.928239643574,0.359375715256,0.192450433969,0.150344491005,7.42446859547e-09
1.62124979397e-05,0.0320454835892,0.974557876587,0.0304606053978,0.290651023388,0.659034192562,0.0337883494794,0.896247267723,0.777064681053,0.220975533128,0.528748214245,0.99931883812
0.0112757580355,0.663187146187,0.958461523056,0.0151042826474,0.0792816579342,0.0349598973989,0.0072335251607,0.983864367008,0.802024960518,0.893685638905,0.983814477921,3.45242006006e-06
0.0207084268332,0.741938412189,0.966137051582,0.0465341769159,0.035433229059,0.0512179508805,0.0033412061166,0.995530605316,0.818220973015,0.91464728117,0.998719096184,3.07552159029e-06
0.0325127951801,0.932726621628,0.81668817997,0.0621698312461,0.75812548399,0.372689217329,0.0191599652171,0.873181164265,0.361353993416,0.337886601686,0.00720332982019,1.48356434693e-06
0.00466272048652,0.248506531119,0.975537121296,0.0720336660743,0.070551738143,3.64504535355e-06,0.00119800830726,0.999990224838,0.887512207031,0.0284318961203,0.830742180347,0.0138088846579
0.00363591010682,0.354270756245,0.949609875679,0.0268983952701,0.243189901114,0.181769937277,0.0132686849684,0.937429606915,0.831666648388,0.922848522663,0.135244384408,0.296545863152
0.0156025914475,0.319731146097,0.767200052738,1.73372300196e-05,0.11221408844,0.316879123449,0.040393859148,0.995237231255,0.795821368694,0.524851739407,0.853477060795,0.0277379024774
0.0516126006842,0.0269494857639,0.61900305748,0.110577099025,0.0437549650669,0.912272572517,0.234871372581,0.483983457088,0.718807280064,0.983938872814,0.740778267384,0.553363084793
0.0184454880655,0.947952568531,0.98180770874,5.77812761549e-06,0.054883427918,0.57014644146,0.00457190116867,0.974770069122,0.522207975388,0.999992489815,0.994767665863,1.09550012439e-06
0.0221021659672,0.210577338934,0.946057319641,0.0473246797919,0.121276497841,0.232083648443,0.0124289458618,0.979440331459,0.5,0.887406468391,0.170228496194,1.2965259657e-06
0.0198527704924,0.375289529562,0.874395787716,0.00733874738216,0.0285615492612,0.494902074337,0.130897983909,0.555724918842,0.840300321579,0.985124886036,0.97653734684,0.208395093679
0.0135337775573,0.197094544768,0.938451230526,0.0361649058759,0.114837400615,0.0748848244548,0.00602430384606,0.999991834164,0.59341853857,0.932145953178,0.976738452911,2.08570463656e-06
0.00774037791416,0.82802772522,0.917430877686,0.032897375524,0.417121261358,0.332099735737,0.0601618736982,0.878151118755,0.753945291042,0.413837343454,0.978942632675,0.00735610025004
0.91136020422,0.992411613464,0.800633609295,0.0971674770117,0.339888453484,0.452876508236,0.221980109811,0.551520764828,0.368929833174,0.915747284889,0.807694673538,0.0330766588449
0.103493772447,0.953582644463,0.838122725487,0.0129891000688,0.249939724803,0.328563183546,0.246972694993,0.511084914207,0.703186154366,0.138334646821,0.81235820055,0.99371099472
0.234694093466,0.588601052761,0.947136878967,0.0884275585413,0.721937298775,0.0377933532,0.0611145757139,0.994507372379,0.781711220741,0.295677244663,0.570856928825,0.0345816649497
0.813501119614,0.661037445068,0.391481995583,0.0679960250854,0.824911057949,0.464220106602,0.555795252323,0.466049224138,0.353093445301,0.84667301178,0.400611549616,0.0187645759434
0.137644946575,0.976700723171,0.622984886169,0.15543858707,0.23822645843,0.344388961792,0.321333378553,0.866450548172,0.451739996672,0.995851397514,0.0853333845735,0.00685004983097
0.0120866652578,0.456914037466,0.917664468288,0.012421047315,0.0552852191031,0.210695773363,0.0314101204276,0.968755602837,0.754588425159,0.542387485504,0.759015083313,0.0431223399937
8.2989636212e-06,0.714255332947,0.999853372574,0.0752520635724,0.252928286791,0.00384483463131,0.000263952737441,0.994921445847,0.952742815018,0.0395813435316,0.999761104584,1.13509646127e-09
0.035612218082,0.515144705772,0.913396537304,0.0792320817709,0.055675521493,0.135815069079,0.0410254076123,0.75339704752,0.909358143806,0.932428359985,0.98108124733,9.01614839677e-07
0.021199921146,0.843561649323,0.755017220974,0.0657066628337,0.545332074165,0.0750834792852,0.0130120208487,0.97366631031,0.51933246851,0.0133576132357,0.0502603463829,1.35544880209e-07
0.035685595125,0.69747787714,0.920818865299,0.0045839836821,0.158598810434,0.0678743645549,0.113834731281,0.931480050087,0.81852298975,0.893402576447,0.25198045373,0.509298622608
0.044138982892,0.866683781147,0.826645076275,0.0878655910492,0.634381890297,0.0218170005828,0.0748049616814,0.968812704086,0.562181830406,0.0835300832987,0.0374846458435,0.155295059085
0.30856898427,0.375136524439,0.976162850857,0.0314256474376,0.0780624523759,0.0691845938563,0.0849771425128,0.75816488266,0.632984697819,0.793696761131,0.921084165573,0.285964012146
0.101343974471,0.566483080387,0.987200498581,0.00494214892387,0.286329805851,0.056333694607,0.0226571764797,0.955854833126,0.790749549866,0.316510170698,0.584926843643,0.981965720654
0.300069123507,0.973173379898,0.98882484436,0.22915519774,0.326715171337,0.0886983722448,0.0522964112461,0.965532541275,0.443015933037,0.364760607481,0.744602203369,1.09337840115e-07
0.534642934799,0.129167556763,0.862212896347,0.0372096039355,0.623836100101,0.605980277061,0.356713116169,0.725477814674,0.320733219385,0.771552979946,0.922504663467,0.306996017694
0.426785320044,0.0925333350897,0.845320284367,0.0481124147773,0.518859505653,0.687506377697,0.362436503172,0.680824756622,0.420525580645,0.902046322823,0.820493042469,0.900643646717
0.114025942981,0.467678636312,0.992874145508,0.0061591300182,0.236925020814,0.208662882447,0.0133624952286,0.984657287598,0.598020792007,0.860266268253,0.966502487659,0.102666638792
0.0352293625474,0.336335420609,0.960946559906,0.0406209565699,0.252203464508,0.0132975010201,0.0239125043154,0.993317902088,0.825282096863,0.223929196596,0.490875661373,0.0275843869895
0.727208912373,0.9276227355,0.712413311005,0.0298770703375,0.711455583572,0.145635277033,0.515904664993,0.585712075233,0.384584873915,0.396793931723,0.422117292881,0.236282259226
3.00000096379e-14,0.622126698494,0.0868224129081,3.00000096379e-14,0.979382574558,0.0195450466126,1.57784197654e-05,0.808817088604,0.352844417095,0.00473830569535,1.06548725398e-06,2.19186063077e-07
0.609338700771,0.342578440905,0.941596746445,0.0130345318466,0.606911122799,0.106959357858,0.28748857975,0.876867771149,0.471328049898,0.398675918579,0.989768624306,0.0524207763374
0.123182527721,0.563034296036,0.415491461754,0.0467406362295,0.0733552649617,0.972085773945,0.856413066387,0.702425539494,0.386029660702,0.976968169212,0.984540104866,0.122069142759
0.827365517616,0.894990622997,0.5742380023,0.144154340029,0.284851789474,0.224873870611,0.416317790747,0.446905016899,0.408865660429,0.950140833855,0.8621789217,0.372818380594
0.193579703569,0.28129529953,0.999254047871,0.0540132112801,0.134301379323,0.125118210912,0.0309234037995,0.976931273937,0.704813957214,0.954669952393,0.994499444962,0.0352312028408
0.0505232401192,0.603158473969,0.99771720171,0.0519735999405,0.24441652,0.0548460073769,0.00799317192286,0.999998927116,0.955239236355,0.967342197895,0.413256347179,1.06485549622e-05
0.00664051482454,0.637837827206,0.274091482162,3.00000096379e-14,0.818284869194,0.0929375141859,2.20446327148e-05,0.808817088604,0.582852244377,0.000704201811459,0.00512584391981,1.08685535452e-05
0.0562313608825,0.992760956287,0.914975821972,0.0425126329064,0.181242451072,0.351484507322,0.019483031705,0.950080931187,0.671970009804,0.993953883648,0.323870748281,0.451613754034
0.00691612996161,0.900231003761,0.997858166695,0.00843369960785,0.192576006055,0.389674276114,0.00406892690808,0.980880320072,0.73871409893,0.152408227324,0.983016490936,0.00283902860247
0.715001702309,0.973008990288,0.8659709692,0.100792355835,0.888198256493,0.34395056963,0.296505749226,0.557725965977,0.353270500898,0.885155022144,0.127642095089,2.66045390163e-07
0.998620569706,0.974124670029,0.0812444463372,0.351789861917,0.962506115437,0.190426543355,0.910228788853,0.644834578037,0.191176578403,0.940043985844,0.224836349487,0.459837853909
0.999999880791,0.593580067158,2.2624079693e-11,0.0243800301105,0.900949239731,0.722092807293,0.934337377548,0.619324028492,0.117208316922,0.268255889416,0.475600719452,0.380652695894
0.0055949119851,0.902264237404,0.982090771198,0.0351823680103,0.172763720155,0.0908749252558,0.00604172702879,0.999997198582,0.903525233269,0.971584379673,0.16116578877,0.98934841156
0.025013351813,0.638675689697,0.966892004013,0.006927839946,0.0156792104244,0.143035978079,0.0167601667345,0.991383373737,0.804420471191,0.993098855019,0.63692677021,0.00727419368923
0.173173710704,0.418569266796,0.987767517567,0.0113663384691,0.871966958046,0.226643741131,0.0435300841928,0.977580308914,0.35866266489,0.92859685421,0.180835574865,0.00264523644
0.423804104328,0.680854439735,0.690225541592,0.052244387567,0.696978926659,0.633135974407,0.847482860088,0.893588781357,0.440930634737,0.99999833107,0.245106637478,0.283112287521
0.189531028271,0.686290860176,0.632626652718,2.81068501806e-10,0.49396032095,0.153696641326,0.00638527004048,0.809215903282,0.370938390493,0.988289058208,0.403596013784,0.01266858913
3.00000096379e-14,0.622126698494,0.0955903604627,3.00000096379e-14,0.979391694069,0.903052449226,1.57784197654e-05,0.808817088604,0.561879038811,0.892155110836,0.808403372765,0.0549411401153
0.144340679049,0.851851761341,0.282166182995,0.134128779173,0.317499816418,0.491405636072,0.419085294008,0.897995591164,0.50673854351,0.99999165535,0.553638637066,0.240464538336
0.0199428535998,0.242090791464,0.990580618382,0.0286507103592,0.890534877777,0.066064953804,0.0121470121667,0.892666578293,0.354298442602,0.769087255001,0.0638376325369,1.01613203185e-07
0.999835968018,0.749151825905,1.6257072275e-05,0.154979780316,0.824288547039,0.636145114899,0.849760293961,0.433807194233,0.182626828551,0.265935361385,0.286772817373,0.96402233839
0.991476118565,0.211777105927,0.0128927640617,0.491245776415,0.810094416142,0.426057457924,0.929396510124,0.133155480027,0.275789439678,0.289879828691,0.0748706459999,0.557722091675
0.999932289124,0.574101567268,4.75600188565e-07,0.789167284966,0.924202084541,0.750214278698,0.975763678551,0.223862379789,0.0775220096111,0.723835110664,0.0159920193255,0.636140346527
0.990953326225,0.76743799448,0.0643363818526,0.5,0.883109748363,0.16495166719,0.760886371136,0.0529731027782,0.395711004734,0.41589525342,0.220798954368,0.339758515358
0.998101234436,0.686716556549,0.00376165355556,0.512262284756,0.916161715984,0.310964107513,0.797953367233,0.619896054268,0.224497511983,0.356198847294,0.905120015144,0.969910740852
0.999935865402,0.989142596722,1.80710776476e-05,0.546106696129,0.925531148911,0.654165923595,0.95084887743,0.388824313879,0.303404450417,0.163594886661,0.0939194709063,0.0163534339517
0.999981641769,0.619297683239,1.25883379951e-05,0.0943854153156,0.845118880272,0.359961420298,0.792319178581,0.0981005430222,0.156976059079,0.443062126637,0.125321418047,0.337079465389
0.9994764328,0.886886954308,1.31480999244e-06,0.313803613186,0.935405552387,0.758151173592,0.966136097908,0.0742885023355,0.0666625276208,0.524331986904,0.794011890888,0.97806173563
0.993454992771,0.946138381958,0.0156261958182,0.545753180981,0.817354023457,0.589558303356,0.834753930569,0.457592457533,0.331319987774,0.23599460721,0.0817385911942,0.409760028124
0.999768972397,0.871037065983,9.89745603874e-06,0.107023149729,0.661148846149,0.42027670145,0.934008002281,0.0596142932773,0.413222581148,0.566209256649,0.715918540955,0.867989063263
0.999849021435,0.748656153679,2.14476312976e-06,0.42653504014,0.879018366337,0.742400050163,0.972423970699,0.247811183333,0.281416893005,0.616760969162,0.858882367611,0.598600387573
0.999994456768,0.0449673458934,0.032179877162,0.853740155697,0.896839082241,0.427793890238,0.965266406536,0.4008051157,0.179713979363,0.073277592659,0.0107781877741,0.985981345177
0.997765123844,0.996458113194,0.0772571191192,0.0768585503101,0.690578639507,0.131650477648,0.767913639545,0.11685577035,0.528622865677,0.939296543598,0.879303455353,0.865762352943
0.999988615513,0.99103730917,0.00279525667429,9.8112775504e-07,0.637436568737,0.373586535454,0.358707785606,0.826665818691,0.538428425789,0.319258779287,0.866273403168,0.760340213776
0.999119222164,0.951449334621,0.0159699246287,0.579161286354,0.846044003963,0.837878704071,0.968089938164,0.15796546638,0.248918190598,0.984813868999,0.802685678005,0.551443338394
0.974742650986,0.800895035267,0.0210198201239,0.00822081789374,0.474495083094,0.575355410576,0.545841217041,0.976062774658,0.333943367004,0.790681302547,0.426328063011,0.166068226099
0.999553978443,0.671521604061,1.1150212913e-06,0.230111330748,0.94191044569,0.95807081461,0.907160460949,0.739453017712,0.14461761713,0.741430580616,0.973632335663,0.995122909546
0.981042981148,0.995075702667,0.0704100206494,0.0288334842771,0.592874646187,0.408652096987,0.834719479084,0.0761442109942,0.337945967913,0.97187691927,0.750431358814,0.788639426231
0.996517181396,0.966353595257,0.0284917019308,0.467391312122,0.907311797142,0.644106566906,0.896390378475,0.69889831543,0.237767443061,0.120712719858,0.142205238342,0.296246826649
0.999819636345,0.938380777836,0.023256348446,0.521607398987,0.887291252613,0.697289228439,0.849868655205,0.404005110264,0.311261177063,0.91846716404,0.613605320454,0.347796261311
0.993972063065,0.412718057632,9.1999373808e-07,0.0803115516901,0.780230939388,0.894206464291,0.952709317207,0.214500427246,0.100607953966,0.806543469429,0.931231558323,0.608647763729
0.993335127831,0.627609848976,0.0109412129968,0.221149027348,0.937986671925,0.258680015802,0.55525290966,0.781433165073,0.287263929844,0.0984682291746,0.179546758533,0.865438461304
0.954023301601,0.968454480171,0.0146714868024,0.0561399869621,0.656833946705,0.918654501438,0.909440398216,0.339541971684,0.209453597665,0.98063570261,0.199777290225,0.711111724377
0.9998934865,0.860105752945,0.00624330900609,0.689395606518,0.956984937191,0.33618170023,0.972623050213,0.144918933511,0.321675240993,0.552704155445,0.189537376165,0.303039133549
0.999622762203,0.982859075069,6.99448219166e-06,0.147071674466,0.744919657707,0.892158865929,0.795345008373,0.530650734901,0.163838222623,0.0771864578128,0.882559835911,0.936602950096
0.995823800564,0.99799144268,0.0620514452457,0.376860111952,0.692257106304,0.203500106931,0.903112828732,0.210268855095,0.465740174055,0.939633786678,0.354491502047,0.485012710094
0.997814714909,0.929241776466,1.044345845e-05,3.00000096379e-14,0.941626667976,0.221096202731,9.87370149232e-05,0.808817088604,0.245307132602,0.519936978817,0.244539707899,0.423622637987
0.999999880791,0.80785036087,5.29499232016e-07,0.00713499775156,0.841172277927,0.796877801418,0.443905830383,0.786489486694,0.124993748963,0.547456383705,0.0277569759637,0.966933071613
0.999999880791,0.971521735191,0.00313502503559,6.42386055461e-07,0.837928414345,0.861526668072,0.773321151733,0.695477604866,0.651083648205,0.993736684322,0.770392417908,0.215915292501
0.999999880791,0.623276233673,6.35916563851e-08,3.00000096379e-14,0.991098821163,0.536474704742,1.84236578207e-05,0.808817088604,0.193151667714,0.62262827158,0.890417516232,0.27094206214
3.00000096379e-14,0.622126698494,0.0955775007606,3.00000096379e-14,0.979391694069,0.320853441954,1.57784197654e-05,0.808817088604,0.290201932192,0.0147178666666,5.90340823692e-06,2.47075693238e-11
0.992611587048,0.51383805275,0.0598457306623,0.123666018248,0.883575499058,0.782398819923,0.8141258955,0.37358430028,0.342615097761,0.740408480167,0.743818998337,0.781363368034
0.999335646629,0.883851051331,0.0147995976731,0.947725296021,0.978500306606,0.0914852768183,0.973134100437,0.646348178387,0.0937567204237,0.0405027121305,1.78369214154e-06,0.99166572094
0.999830424786,0.401503533125,0.00894358661026,0.196809768677,0.944701850414,0.5,0.818965792656,0.665875732899,0.369592249393,0.761495649815,0.14475889504,0.981047153473
0.997496306896,0.822297692299,0.025456789881,0.028439540416,0.703237056732,0.594129562378,0.782963395119,0.487686187029,0.28463357687,0.667899847031,0.760433375835,0.629356265068
0.999919235706,0.941274225712,4.77883531858e-07,0.247204393148,0.981793284416,0.96441668272,0.967496454716,0.693036317825,0.127850994468,0.588504433632,0.0515394955873,0.932170569897
0.999997735023,0.816084623337,2.55205395661e-06,0.857337117195,0.963037014008,0.463278144598,0.978864252567,0.193267047405,0.183048993349,0.0204872377217,0.00591282080859,0.230118006468
0.990972340107,0.994531869888,0.0521594025195,0.275502324104,0.887689352036,0.617120623589,0.772862255573,0.192234903574,0.518914759159,0.674015164375,0.688538014889,0.159413054585
0.995618164539,0.396991670132,0.0653669983149,0.155255928636,0.916010856628,0.292999118567,0.762081861496,0.203093543649,0.265598386526,0.530159831047,0.317888140678,0.22871260345
0.999326348305,0.813898742199,0.0140958409756,0.221764758229,0.710672795773,0.336954146624,0.809707999229,0.0921772867441,0.21897020936,0.438080996275,0.74315148592,0.558335185051
0.999975979328,0.194600746036,0.0469033457339,0.127192944288,0.962529063225,0.307586431503,0.953128099442,0.100961863995,0.118916869164,0.467769742012,0.284153401852,0.907965600491
0.999995350838,0.62203514576,2.78625520878e-07,3.00000096379e-14,0.971800684929,0.326088309288,0.000116432158393,0.808817088604,0.0866676196456,0.152435600758,0.00306902406737,0.194622009993
0.999851465225,0.990542411804,0.0170161444694,0.999983012676,0.771916210651,0.241995632648,0.764218866825,0.123284235597,0.203610524535,0.124811708927,0.101959228516,0.98804974556
0.999998509884,0.0383842661977,0.00564091233537,0.706315100193,0.96313148737,0.160206869245,0.889074981213,0.021088367328,0.0719055309892,0.0213336143643,0.258677512407,0.913283228874
0.763257920742,0.448755055666,0.267883390188,0.230856269598,0.884981036186,0.266194701195,0.5,0.621360957623,0.20532515645,0.804891824722,0.0762765407562,0.116547346115
0.99733042717,0.390312731266,0.00895683467388,0.363852709532,0.922961294651,0.120918504894,0.94655585289,0.0154131771997,0.142095774412,0.954345464706,0.0252492688596,0.992992281914
0.964360892773,0.369198739529,0.0251448582858,0.220033630729,0.835166335106,0.622066855431,0.916350841522,0.0130824008957,0.107908271253,0.438613146544,0.740423023701,0.980249464512
3.00000096379e-14,0.558096170425,1.45542298924e-05,3.00000096379e-14,0.752421200275,0.248229548335,8.8243805294e-06,0.808817088604,0.231151416898,0.665591001511,0.581613838673,0.406247019768
0.999985039234,0.391885489225,0.00844667386264,0.304303199053,0.947487354279,0.153547719121,0.982390224934,0.555095374584,0.3411051929,0.481740862131,0.0401390381157,0.781861007214
0.999768555164,0.960029363632,0.00453383009881,0.421959728003,0.9014082551,0.165804326534,0.926046252251,0.181103616953,0.402729421854,0.359807193279,0.906913042068,0.315918534994
0.973232090473,0.0640520602465,0.0370258353651,0.824260413647,0.889458477497,0.252553075552,0.726634442806,0.042516335845,0.0960018634796,0.744247198105,0.637083053589,0.980479896069
3.00000096379e-14,0.622126698494,0.0955901816487,3.00000096379e-14,0.979391694069,0.262556731701,1.57784197654e-05,0.808817088604,0.208147391677,0.00816580560058,0.0101034836844,0.0183750875294
0.996306478977,0.0911910161376,0.140985250473,0.0445084124804,0.803603589535,0.458772331476,0.817316353321,0.5,0.445073276758,0.910889804363,0.665727853775,0.0136628262699
0.997038722038,0.156122907996,0.44016841054,0.334504872561,0.936032772064,0.140126794577,0.366177409887,0.58250027895,0.460508346558,0.219362065196,0.586442649364,0.984393417835
0.997115969658,0.770108819008,0.0541009232402,0.0669202059507,0.846775174141,0.302559167147,0.907844543457,0.085043027997,0.176802173257,0.941648185253,0.133863627911,0.918789386749
0.999588429928,0.831465601921,0.204069718719,0.185754224658,0.92188090086,0.0936613529921,0.539158403873,0.828328490257,0.371778309345,0.120373241603,0.820877671242,0.697550415993
0.985790073872,0.310348182917,0.0216803643852,0.789720833302,0.79161709547,0.527758598328,0.92576622963,0.157156690955,0.146502286196,0.321310013533,0.00803694222122,0.798345983028
0.846845149994,4.34901994595e-06,0.701606631279,0.127591639757,0.575749158859,0.0669976994395,0.477173686028,0.350398004055,0.494967162609,0.614127218723,0.283818930387,0.792452812195
3.00000096379e-14,0.622126698494,0.0955903604627,3.00000096379e-14,0.979391694069,0.0109509760514,1.57784197654e-05,0.808817088604,0.0941846743226,0.00213890499435,0.00880371034145,0.0383273772895
3.00000096379e-14,0.622126698494,0.0955903604627,3.00000096379e-14,0.979391694069,0.17672650516,1.57784197654e-05,0.808817088604,0.306579530239,0.30327013135,0.215273067355,0.00267041684128
0.956763744354,0.012901281938,0.0557748265564,0.637548744678,0.930988252163,0.0667377635837,0.88774740696,0.141676172614,0.146151304245,0.898012161255,0.463748186827,0.37266767025
0.994773805141,0.919943094254,0.00435222825035,0.591873049736,0.878513932228,0.201456040144,0.949070930481,0.0353136323392,0.0757129490376,0.475516021252,0.0107057346031,0.355435669422
0.991178572178,0.519227862358,0.0160899497569,0.568974196911,0.825116336346,0.334941118956,0.937530875206,0.314297139645,0.217966124415,0.182542100549,0.0257157851011,0.814848959446
3.00000096379e-14,0.622757971287,0.0164074618369,3.00000096379e-14,0.979278385639,0.2700958848,1.57780759764e-05,0.808817088604,0.0657450780272,0.0193983390927,0.00465492345393,0.0575282014906
3.00000096379e-14,0.622126758099,0.0104626948014,3.00000096379e-14,0.97961306572,0.108876913786,1.57778304128e-05,0.808817088604,0.0484019182622,0.122748345137,0.0159258134663,6.93754486747e-07
0.99700653553,0.0909344479442,0.180870339274,0.137091755867,0.890369057655,0.449292063713,0.819245278835,0.112326271832,0.205958619714,0.981392502785,0.0466839820147,0.778567194939
3.00000096379e-14,0.622126698494,0.0955903604627,3.00000096379e-14,0.979391694069,0.158431127667,1.57784197654e-05,0.808817088604,0.0269517507404,0.0211637262255,2.62435173681e-06,1.4523687808e-09
0.998784482479,0.929508566856,0.0550955310464,0.115057662129,0.870849132538,0.284125953913,0.864382684231,0.187096059322,0.27608409524,0.924757063389,0.316917568445,0.939492344856
0.999729335308,0.834537029266,0.0328894592822,0.374780923128,0.896292209625,0.179864108562,0.873551726341,0.0743401497602,0.269329220057,0.481418758631,0.200030893087,0.831221222878
0.999999821186,0.197031766176,0.00294180144556,0.0154423722997,0.960651040077,0.200835481286,0.595298349857,0.821271419525,0.709811210632,0.312165826559,0.257753163576,0.757895588875
0.950395405293,0.0795886814594,0.0408184118569,0.548472225666,0.938841819763,0.167428672314,0.901986658573,0.0427616909146,0.109246425331,0.588161110878,0.661088764668,0.991336524487
3.00000096379e-14,0.622130155563,0.0955903604627,3.00000096379e-14,0.979391694069,0.0369387902319,1.57784197654e-05,0.808817088604,0.182815045118,0.00131453736685,0.00433696154505,3.07029210944e-08
0.991347551346,0.118623994291,0.0343001671135,0.355484217405,0.971604824066,0.17229539156,0.863141477108,0.196557030082,0.174916371703,0.253673404455,0.765536606312,0.0252538882196
0.863488078117,0.590524494648,0.270642340183,0.301352679729,0.73403865099,0.113856777549,0.679935872555,0.22617572546,0.294778168201,0.82204657793,0.0606257282197,0.88714247942
0.90316683054,0.588843643665,0.00653596734628,0.709801435471,0.981373846531,0.129172727466,0.892378687859,0.409308165312,0.0697719752789,0.22371096909,0.00919198803604,0.80943185091
0.997002005577,0.0101274596527,0.219867438078,0.0919445976615,0.922788918018,0.321271151304,0.781946718693,0.171250134706,0.268349170685,0.0679321214557,0.463520258665,0.80931520462
0.993304848671,0.088614679873,0.0671710520983,0.435371398926,0.778549730778,0.388695687056,0.869068443775,0.302544206381,0.164035633206,0.738889217377,0.0942591056228,0.9988027215
0.999084174633,0.54599237442,0.057988807559,0.0733639448881,0.944697499275,0.110535912216,0.950670957565,0.231845617294,0.422899723053,0.757481455803,0.127149119973,0.376824378967
0.97511690855,0.204464882612,0.0492195524275,0.573528468609,0.861266613007,0.351838886738,0.881681919098,0.163347408175,0.20390035212,0.920560419559,0.472356110811,0.970922708511
0.996609508991,0.680519759655,0.0117214908823,0.910002708435,0.996439278126,0.00458008842543,0.980076253414,0.0242381580174,0.0314101465046,0.682508826256,1.12862755941e-06,0.406896740198
0.999943852425,0.892213404179,6.49089861327e-06,0.72016364336,0.949513554573,0.389926612377,0.938871920109,0.0426388457417,0.106531985104,0.5,1.55045345309e-05,0.837424755096
0.999172031879,0.697111785412,0.016952779144,0.223853781819,0.990678191185,0.4138276577,0.910014569759,0.405547350645,0.558323979378,0.0677719786763,0.0177033338696,0.956215798855
0.971450865269,0.0115989539772,0.153369233012,0.53953576088,0.783738255501,0.135818645358,0.817745923996,0.0877351611853,0.0966559052467,0.0102243358269,0.384274750948,0.838686466217
0.999943614006,0.749595820904,0.0271645709872,0.02632384561,0.984121024609,0.196666955948,0.777578473091,0.524258136749,0.236935839057,0.134563803673,0.0545920468867,0.0950811728835
0.999771118164,0.69783270359,0.246380865574,0.765161335468,0.672561705112,0.0254674497992,0.816485226154,0.0565388910472,0.164978072047,0.189616039395,0.0150680691004,0.913085281849
0.999709665775,0.140920996666,0.0167127009481,0.638562858105,0.956923902035,0.428658932447,0.904955863953,0.0224172081798,0.153640419245,0.365917950869,0.0543915256858,0.560685217381
3.00000096379e-14,0.622126698494,0.0955903604627,3.00000096379e-14,0.979391694069,0.0508451908827,1.57784197654e-05,0.808817088604,0.0589831024408,0.00432818476111,0.0350274331868,0.0235964935273
0.931039631367,0.00562872504815,0.922602653503,0.0768201500177,0.271593660116,0.0313201583922,0.245132133365,0.449494153261,0.490393072367,0.397320747375,0.943182051182,0.787423670292
0.986380517483,0.554531037807,0.0612858571112,0.65540677309,0.920565903187,0.0720165595412,0.877793550491,0.28398501873,0.150716349483,0.164982512593,0.048360735178,0.00947923865169
0.968641638756,0.662898361683,0.272457271814,0.369077533484,0.881193995476,0.0792040228844,0.619103133678,0.850260972977,0.32830324769,0.784304499626,0.308820605278,0.960650205612
