0.121143199503,0.830772578716,0.786316931248,0.115050643682,0.429437965155,0.0778456553817,0.103589519858,0.789995372295,0.815308153629,0.12255653739,0.37046828866,0.627627789974
0.152098312974,0.00503434007987,0.0411560982466,0.539070546627,0.172326460481,0.488602668047,0.463834911585,0.201907619834,0.209731593728,0.999990344048,0.958492815495,0.0718302950263
0.999999880791,0.622126698494,0.0955903604627,0.999999880791,0.979391694069,0.0541801862419,1.57784197654e-05,0.808817088604,0.0694526433945,0.000655569776427,7.55715046097e-09,1.18405578178e-05
0.580446004868,0.660493969917,0.00360806053504,0.998262107372,0.931782007217,9.73681562755e-06,0.841767609119,0.0558460056782,0.101160831749,0.0562005601823,1.04775635918e-05,0.953538537025
0.231649503112,0.870539546013,0.119330383837,0.233973890543,0.168679445982,0.198929145932,0.344614654779,0.855437576771,0.354959845543,0.395020782948,0.789577186108,0.014953546226
0.956513643265,0.955986261368,0.129558563232,0.016210835427,0.23304285109,0.177089318633,0.454248189926,0.180538773537,0.414532870054,0.994657039642,0.984268009663,0.912877082825
0.640881419182,0.906041800976,0.0161867495626,0.926380634308,0.813129425049,0.125681400299,0.901061356068,0.488510221243,0.0251783896238,0.000725265475921,0.306701332331,0.0346677340567
0.533883035183,1.83219299288e-07,0.52250123024,0.198390007019,0.275510638952,0.026796111837,0.247753575444,0.11846088618,0.243178904057,0.815502524376,0.739162921906,0.247440844774
0.704556643963,0.341477125883,0.0414130091667,0.689917564392,0.868292868137,0.0473816692829,0.723641693592,0.0773692131042,0.155080333352,0.00022888854437,0.00512878969312,0.507822394371
0.430167913437,0.78592646122,0.668599486351,0.0170719381422,0.118372529745,0.286953449249,0.0993390679359,0.962453186512,0.183914363384,0.371598541737,0.0631007552147,0.999549925327
0.999999880791,0.62213331461,2.81499239918e-07,0.197955712676,0.99951416254,0.60672056675,0.979080080986,0.808813512325,0.0524102523923,0.312766849995,0.00326142506674,0.999268889427
0.0332339927554,0.481697708368,0.968100667,0.0845984891057,0.308932065964,0.10193066299,0.0280315708369,0.96521884203,0.653017282486,0.744531393051,0.0489466227591,0.278234273195
0.958480596542,0.937536299229,0.0244292616844,0.0946759283543,0.966686606407,0.21401438117,0.705343842506,0.314643293619,0.24925725162,0.41186311841,0.978136837482,0.193537443876
0.00683112442493,0.69658768177,0.702622890472,0.0369012244046,0.834239721298,0.0206712260842,0.0324832238257,0.978605866432,0.456004709005,0.304877251387,0.96432030201,7.36885567676e-06
0.235464289784,0.247187763453,0.106051012874,0.437416523695,0.407195955515,0.531871914864,0.553035914898,0.0547004900873,0.337464570999,0.982942402363,0.564534187317,0.870459854603
3.00000096379e-14,0.622126698494,0.0955903604627,3.00000096379e-14,0.979391694069,0.113037861884,1.57784197654e-05,0.808817088604,0.0702617242932,0.00115623907186,4.33920316345e-10,1.645502401e-08
3.00000096379e-14,0.622126698494,0.0955903604627,3.00000096379e-14,0.979391694069,4.20521791966e-06,1.57784197654e-05,0.808817088604,0.101676531136,0.00829314161092,1.21785762898e-12,1.27443988696e-09
0.99056750536,0.443075835705,4.65430412078e-06,5.17748062305e-13,0.580240547657,0.941919505596,0.0507529452443,0.802408635616,0.234030604362,0.957858085632,0.985521614552,0.954210162163
0.985944151878,0.435069739819,0.0101318024099,3.00000096379e-14,0.524933338165,0.942478775978,0.000139344003401,0.808816611767,0.184368163347,0.836283862591,0.917088389397,0.00588129786775
0.691581428051,0.509691059589,1.72514428414e-05,0.981182932854,0.363763988018,0.203250601888,0.845017075539,0.016962306574,0.0320986732841,0.351771622896,0.788452684879,0.906738758087
0.126693233848,0.118995778263,0.62835508585,0.0989740490913,0.409378618002,0.0377543605864,0.0646525919437,0.756162822247,0.468617111444,0.251468539238,0.752583026886,2.50442667493e-07
3.00000096379e-14,0.622126698494,0.0955903604627,3.00000096379e-14,0.979391694069,0.885647594929,1.57784197654e-05,0.808817088604,0.111012667418,0.0115795694292,3.27484150908e-09,0.056258816272
0.129215553403,0.749474048615,0.817125678062,0.0144894942641,0.608958780766,0.209334805608,0.0738095790148,0.873420655727,0.686185181141,0.850883662701,0.990176677704,0.587402760983
0.951732754707,0.307831764221,0.115500845015,0.03414587304,0.763154625893,0.518699645996,0.407698273659,0.515734612942,0.342408031225,0.992097139359,0.88731354475,0.455481350422
8.48673042952e-09,0.66511040926,0.0384739264846,0.455368191004,0.970036149025,0.999999880791,0.978978812695,0.808817088604,0.355758935213,0.157585471869,1.68647417809e-07,0.963607430458
0.0267391745001,0.341501384974,0.807562291622,0.0197933707386,0.236984685063,0.626947283745,0.148057147861,0.762643814087,0.611698627472,0.984169304371,0.513072729111,0.84230440855
0.5127800107,0.999435782433,0.908050537109,6.6773452545e-07,0.227047607303,0.405777156353,0.0535691268742,0.620501875877,0.565454423428,0.863492786884,0.533794105053,0.984181106091
0.05354854092,0.107643686235,0.0126190464944,0.999901473522,0.28742697835,0.821782588959,0.710846066475,0.00257708388381,0.0212107878178,0.59785091877,0.809176683426,0.968167126179
0.998385190964,0.880562484264,0.0531990043819,0.295054137707,0.894166171551,0.5,0.791248381138,0.483845442533,0.12356839329,0.0609768368304,0.015075516887,0.797754764557
0.686071574688,0.01658205688,0.795557081699,0.0103213116527,0.0489857420325,0.481224328279,0.398785084486,0.852940261364,0.534667730331,0.991564512253,0.949914515018,0.972603201866
2.88895193989e-07,0.817491829395,0.342065155506,0.00788375176489,0.404858589172,0.00374888814986,0.000359481316991,0.99357932806,0.75027436018,0.0174634512514,0.835353970528,2.16280486853e-08
0.896384477615,0.888841629028,0.811973869801,0.118033252656,0.645249962807,0.0230888426304,0.141918182373,0.95892059803,0.591193795204,0.703193724155,0.863969266415,0.101777479053
0.651295602322,0.71199464798,0.0775540471077,0.152584567666,0.761513888836,0.0854087844491,0.233355760574,0.952147960663,0.562314271927,0.0290665458888,1.28477286125e-05,0.0525673180819
0.00957950670272,0.240548253059,0.963378190994,0.0047612208873,0.345923841,0.34061345458,0.0141805987805,0.849984407425,0.932621240616,0.593520343304,0.997068166733,0.00388316507451
3.00000096379e-14,0.622126698494,0.0955903604627,3.00000096379e-14,0.979391694069,0.108696185052,1.57784197654e-05,0.808817088604,0.120879635215,0.000258390937233,1.71117972059e-06,0.00454084016383
3.00000096379e-14,0.622126698494,0.0955903604627,3.00000096379e-14,0.979391694069,0.329361587763,1.57784197654e-05,0.808817088604,0.0981847196817,0.056498978287,2.95061227007e-06,0.00257529877126
0.513926029205,0.0488872975111,0.0499726682901,0.209348008037,0.141467392445,0.644163072109,0.319404929876,0.50610268116,0.182312294841,0.899514436722,0.891828715801,0.685007810593
3.00000096379e-14,0.622126698494,0.0955903604627,3.00000096379e-14,0.979391694069,0.153107836843,1.57784197654e-05,0.808817088604,0.0105771468952,0.00101147580426,0.0035706050694,0.0576055273414
0.123024716973,0.0189394000918,0.399449408054,0.218392923474,0.111982055008,0.174404263496,0.0929577574134,0.934368610382,0.463903427124,0.970077574253,0.111717514694,0.722078502178
0.0782877206802,0.961996436119,0.0926586091518,0.286004811525,0.338030129671,0.342261373997,0.130158424377,0.954052805901,0.532780826092,0.00316659081727,0.0341642014682,0.830112934113
3.00000096379e-14,0.622126698494,0.0952354893088,3.00000096379e-14,0.979391694069,0.158082485199,1.57784197654e-05,0.808817088604,0.267541527748,0.0242517925799,3.9639732563e-07,8.35123414866e-10
0.0314719341695,0.902032196522,0.851751804352,0.0748342946172,0.163942858577,0.120332449675,0.0402613095939,0.980222940445,0.880818486214,0.220430582762,0.185456097126,0.593106150627
0.145118668675,0.999942719936,0.974109709263,1.66552285918e-06,0.392202109098,0.433111906052,0.0711238533258,0.989879310131,0.775713205338,0.726564049721,0.110787928104,0.960548818111
0.108042836189,0.452349036932,0.318759232759,0.110236033797,0.364186137915,0.166042402387,0.177178457379,0.77822136879,0.408915787935,0.92060136795,0.240136295557,0.0480155088007
3.00000096379e-14,0.622126698494,0.0955903604627,3.00000096379e-14,0.979391694069,0.604795217514,1.57784197654e-05,0.808817088604,0.239431709051,0.0254312325269,2.4789062536e-07,0.0104763191193
0.774632036686,0.0992493405938,0.224588379264,0.631081581116,0.710563719273,0.00552548514679,0.17403806746,0.933062911034,0.316317081451,0.130583703518,0.175932437181,0.00915414094925
0.809511959553,0.0854400768876,0.822110176086,0.00406114850193,0.301476448774,0.384104192257,0.133471816778,0.481225281954,0.339064151049,0.343104541302,0.312797248363,0.0864509791136
0.288538455963,0.630232870579,0.00864264182746,0.0698415264487,0.937356173992,0.0935309529305,0.00139066122938,0.560889542103,0.520863831043,0.584744274616,0.0974649190903,7.26165330124e-13
0.999935567379,0.919609844685,9.26455413719e-06,0.854197978973,0.983753740788,0.219110906124,0.977546036243,0.257097274065,0.0911851599813,0.642475605011,0.681991517544,0.222216457129
3.00000096379e-14,0.622126698494,0.0955903604627,3.00000096379e-14,0.979391694069,0.689439415932,1.57784197654e-05,0.808817088604,0.46249628067,0.0836821049452,1.35044231353e-09,2.83932397593e-08
0.00315718958154,0.249981030822,0.0141537375748,0.874604463577,0.476286023855,0.414451867342,0.573954284191,0.0623839013278,0.0874899476767,0.581747949123,0.965906977654,0.608112335205
0.997222721577,0.47271001339,0.00467196665704,8.8877015969e-08,0.688447654247,0.860246598721,0.0117332451046,0.80282074213,0.31664955616,0.970844686031,0.834454894066,0.96986758709
3.00000096379e-14,0.622162938118,0.0791916921735,3.00000096379e-14,0.979390740395,0.060287848115,1.57784197654e-05,0.808817088604,0.140722572803,0.00948210339993,7.89222269759e-07,0.00658705597743
0.0301571507007,0.973961770535,0.890666544437,0.195954948664,0.600409388542,0.141368061304,0.0676556304097,0.884674608707,0.678821504116,0.169913649559,1.41936948239e-06,0.994851589203
3.00000096379e-14,0.622126698494,0.0953808426857,3.00000096379e-14,0.979391694069,0.0182257797569,1.57784197654e-05,0.808817088604,0.332899749279,0.0114406459033,1.34112854155e-09,2.54801235666e-10
0.869977831841,0.587840855122,0.265784591436,0.0302326213568,0.408993959427,0.405760228634,0.158850327134,0.288865715265,0.546245276928,0.797802329063,0.974205851555,0.268785178661
0.859634757042,0.0336248911917,0.00413748761639,0.804278731346,0.147917017341,0.233516290784,0.811609625816,0.0459793694317,0.156408518553,0.969510316849,0.5,0.348115205765
0.0735437199473,0.451915055513,0.0899606123567,0.42806199193,0.454079866409,0.050285268575,0.134340256453,0.748777866364,0.367206096649,0.431136220694,0.925516307354,0.284352421761
3.00000096379e-14,0.622126698494,0.0955903604627,3.00000096379e-14,0.979391694069,0.422642827034,1.57784197654e-05,0.808817088604,0.134368255734,0.0981497392058,0.0114520424977,0.0234856270254
0.0501403845847,0.66979521513,0.829566836357,0.00893940776587,0.0622313097119,0.101963080466,0.0307344328612,0.993072986603,0.869521021843,0.994975805283,0.973895788193,0.396000593901
3.00000096379e-14,0.622126698494,0.0955903604627,3.00000096379e-14,0.979391694069,0.135672032833,1.57784197654e-05,0.808817088604,0.0437103845179,0.00281171617098,3.7246404645e-06,0.0605504326522
3.00000096379e-14,0.622126698494,0.0955903604627,3.00000096379e-14,0.979391694069,0.484809696674,1.57784197654e-05,0.808817088604,0.212565049529,0.010328060016,3.62261630471e-06,0.142679467797
0.999540627003,0.173580959439,0.0888964384794,0.999999880791,0.226780310273,0.819696068764,0.00892982445657,0.131208315492,0.041638892144,0.646337926388,0.789967536926,0.877339601517
3.00000096379e-14,0.622126698494,0.0955903604627,3.00000096379e-14,0.979391694069,0.125579714775,1.57784197654e-05,0.808817088604,0.00546935666353,0.000367650121916,4.67845950425e-07,9.94698325485e-07
3.00000096379e-14,0.622126698494,0.0955903604627,3.00000096379e-14,0.979391694069,0.0216379649937,1.57784197654e-05,0.808817088604,0.0622020997107,0.000905784487259,2.18118771045e-06,2.33663499216e-07
3.00000096379e-14,0.622126698494,0.0955903604627,3.00000096379e-14,0.979391694069,2.69531710728e-06,1.57784197654e-05,0.808817088604,0.0656851753592,0.000101143436041,1.13467388019e-06,5.42277848581e-06
3.00000096379e-14,0.622126698494,0.0699268132448,3.00000096379e-14,0.979357481003,0.348000466824,1.57784197654e-05,0.808817088604,0.213384374976,0.594512224197,0.0281386543065,2.3767993298e-06
0.210598573089,0.0461389534175,0.00394501816481,0.911411941051,0.5,0.196289375424,0.850568652153,0.02279403992,0.0816844180226,0.476489841938,0.0394861213863,0.998260557652
0.939470052719,0.557297170162,0.0264260359108,0.28078609705,0.755703032017,0.298113048077,0.621980726719,0.172620609403,0.0940184146166,0.281498044729,0.0843351185322,0.919589877129
0.540528357029,0.143105894327,0.702563762665,0.0755649060011,0.0263975132257,0.60434538126,0.157879769802,0.398670911789,0.659927308559,1,0.99189132452,0.992196440697
3.00000096379e-14,0.622126698494,0.0955903604627,3.00000096379e-14,0.979391694069,0.440430521965,1.57784197654e-05,0.808817088604,0.0116191320121,0.000382814352633,0.0170433335006,4.8473714287e-07
0.665943920612,0.622126698494,0.0958191603422,0.999999880791,0.979391694069,0.898942947388,1.57784197654e-05,0.808817088604,0.31514826417,0.164524689317,0.217201247811,0.949071824551
0.879932820797,0.582266688347,0.68980628252,0.140510544181,0.304250091314,0.5,0.109641551971,0.535236179829,0.521232843399,0.60828769207,0.841095626354,0.689547121525
0.0410028249025,0.726683080196,0.963524281979,0.00743442866951,0.127672210336,0.10804644227,0.00608066422865,0.987801790237,0.835006833076,0.912081360817,0.931417405605,0.00998536217958
0.694405913353,0.0399835444987,0.00538011267781,0.864671766758,0.131519347429,0.571082353592,0.77662730217,0.0746315941215,0.045193888247,0.807308077812,0.5,0.99475467205
0.53757083416,0.0588127560914,7.65701315686e-06,0.959500432014,0.297816038132,0.168584987521,0.640229046345,0.0232479479164,0.0473414696753,0.00139349559322,0.00850523170084,0.999320745468
0.999999880791,0.622126698494,0.0955903604627,0.999999880791,0.979391694069,0.646788954735,1.57784197654e-05,0.808817088604,0.0927716717124,0.802257359028,0.93280762434,0.986777245998
0.983950436115,0.262253791094,1.86383349501e-05,0.846792578697,0.573869884014,0.509109258652,0.897421181202,0.007683605887,0.0542032532394,0.655601978302,0.535147547722,0.918085336685
0.00823170226067,0.973207592964,0.942078113556,0.00474107498303,0.297594517469,0.29189825058,0.0260864924639,0.881467282772,0.607020199299,0.100763455033,0.59995085001,0.702486038208
0.979449868202,0.683324635029,0.0385407656431,0.0538247600198,0.220144182444,0.229925826192,0.405074566603,0.5,0.0867542102933,0.807722747326,0.526904821396,0.97561943531
0.67861032486,0.473621726036,0.0545625761151,0.0523352660239,0.5,0.5,0.707913160324,0.299986928701,0.366021305323,0.929712116718,0.550152242184,0.880743980408
3.00000096379e-14,0.622126698494,0.0955903604627,3.00000096379e-14,0.979391694069,0.55822956562,1.57784197654e-05,0.808817088604,0.0247239600867,0.00134865939617,6.94780555932e-06,1.36352427944e-05
4.55480941852e-09,0.15718857944,0.0103523330763,0.997375190258,0.578654766083,0.668817162514,0.40211468935,0.287460446358,0.131846144795,0.798684120178,0.285592257977,0.845002830029
0.549031794071,0.98929977417,0.0374484732747,0.0286685153842,0.203784316778,0.937756538391,0.281177401543,0.775247633457,0.272584736347,0.818070590496,0.957388758659,0.915006756783
0.492150425911,0.888093650341,0.0389963425696,0.0468304902315,0.415392667055,0.793823480606,0.549935877323,0.132254779339,0.32905420661,0.538436770439,0.896745324135,0.472624957561
0.998700380325,0.622190237045,0.738554418087,0.274945735931,0.969844639301,0.0574396252632,0.034073472023,0.848547935486,0.745665490627,0.0728712826967,0.0773438662291,6.73218591984e-10
3.00000096379e-14,0.651773095131,0.0537541173398,3.00000096379e-14,0.979344367981,0.120754569769,1.57784197654e-05,0.808817088604,0.0562539733946,0.00704494537786,0.0241187196225,0.0180601328611
3.00000096379e-14,0.622126698494,0.0955903604627,3.00000096379e-14,0.979391694069,0.102106943727,1.57784197654e-05,0.808817088604,0.141751289368,0.00782807730138,3.17225745672e-10,0.0270942579955
0.134467989206,0.822698414326,0.211424633861,0.169041454792,0.35383862257,0.0450953431427,0.139095038176,0.969299435616,0.479500621557,0.672810614109,0.109658360481,3.00004876408e-06
0.760292828083,0.391069918871,0.00314293894917,0.99073690176,0.406998991966,0.352308928967,0.819743692875,0.0713820755482,0.0552843399346,0.212084457278,0.528686404228,0.986838281155
0.0498662702739,0.937747120857,0.962936103344,0.13242430985,0.487299203873,0.00528966309503,0.036342445761,0.978083312511,0.926176428795,0.307812541723,0.785474002361,0.819390416145
0.992655038834,0.60418510437,1.18913894767e-05,3.00000096379e-14,0.933219909668,0.193191945553,9.32779657887e-05,0.808817148209,0.336400359869,0.0122138094157,0.101548448205,0.0852175801992
3.00000096379e-14,0.622126698494,0.0955903604627,3.00000096379e-14,0.979391694069,0.929756879807,1.57784197654e-05,0.808817088604,0.08186891675,0.0289303511381,0.0309057682753,0.00999236572534
0.16402566433,0.958118379116,0.893985390663,0.00658390810713,0.251166194677,0.5,0.0772419795394,0.892405450344,0.692363500595,0.184148356318,0.210971310735,0.657882809639
0.324898391962,0.446636140347,0.107364207506,0.244598612189,0.426764458418,0.297602683306,0.534055829048,0.103362567723,0.301018536091,0.999999701977,0.839620649815,0.887516200542
0.370036959648,0.00703888759017,0.0171412192285,0.945218205452,0.534594476223,0.210904419422,0.878087818623,0.0583894960582,0.0597746632993,0.743396103382,0.0792459324002,0.992845416069
3.00000096379e-14,0.622126698494,0.0955903604627,3.00000096379e-14,0.979391694069,0.142667174339,1.57784197654e-05,0.808817088604,0.0658910349011,0.00303266802803,1.97612337161e-07,8.16276224214e-06
0.208789989352,0.150670573115,0.221310421824,0.0430095046759,0.355498760939,0.229820132256,0.133590355515,0.863197684288,0.520419836044,0.45254445076,0.991408646107,0.97410941124
0.0126246139407,0.251074373722,0.871901988983,0.0684283152223,0.881727933884,0.0443067252636,0.0106712384149,0.996851086617,0.362723857164,0.0174138955772,0.452179402113,2.63637957687e-06
0.0125927403569,0.96070432663,0.945714771748,2.03030404988e-11,0.134571745992,0.020532688126,0.000616445438936,0.81124329567,0.886433303356,0.329803466797,0.240676790476,0.323432475328
0.0312675833702,0.276499927044,0.968877017498,0.0801914706826,0.374876320362,0.091319732368,0.0222624000162,0.989244699478,0.703087568283,0.0827717259526,0.931451499462,2.91203832603e-06
0.0109759066254,0.289416760206,0.953006446362,0.0127094052732,0.102322734892,0.0527532361448,0.00450544292107,0.991299629211,0.813256621361,0.630144834518,0.939814448357,0.00745903188363
0.0273867044598,0.834282159805,0.87424492836,0.0543957352638,0.122079446912,0.208948835731,0.0308346748352,0.98944568634,0.751782894135,0.33186969161,0.155553072691,0.0134337870404
0.0186045616865,0.722631573677,0.886790037155,0.0123941600323,0.191892713308,0.0828013792634,0.00253739859909,0.218712940812,0.760596871376,0.389868736267,0.192397415638,0.597723305225
0.048370692879,0.236204624176,0.86330550909,0.0275650899857,0.0421118438244,0.330767780542,0.0502930656075,0.922204971313,0.763895571232,0.988066077232,0.980889260769,0.412700116634
0.0375487916172,0.720770359039,0.709698677063,0.100944526494,0.118244402111,0.0259551089257,0.0520678684115,0.967148244381,0.651237785816,0.796584904194,0.902083218098,0.0209178701043
0.124852895737,0.370294302702,0.411614328623,0.0367970094085,0.248375549912,0.0596497654915,0.124969407916,0.980349063873,0.416069507599,0.309159040451,0.494002044201,0.485697954893
0.872971832752,0.92941224575,0.0729070231318,0.0715023130178,0.5,0.868963778019,0.473684757948,0.458419710398,0.297349244356,0.991743385792,0.627545833588,0.615460038185
0.0314303934574,0.726956784725,0.697794616222,0.0299157593399,0.428351998329,0.199888914824,0.0305242966861,0.971921384335,0.457396924496,0.0445083603263,0.650182962418,0.0970922410488
0.0264260526747,0.81098484993,0.949429810047,0.057915110141,0.732587635517,0.328864127398,0.0169714167714,0.989430785179,0.359650969505,0.958134293556,0.819972991943,2.2477740913e-06
0.0410243533552,0.96834653616,0.571354806423,0.0679057613015,0.974625587463,0.642320990562,0.0596213042736,0.90320700407,0.352209329605,0.931298732758,0.39219763875,1.59415172035e-11
0.15827858448,0.773241519928,0.405077844858,0.00948478188366,0.761907994747,0.995458841324,0.352493613958,0.567052900791,0.361738204956,0.756334125996,0.149506852031,0.425999194384
0.02571686171,0.811768233776,0.801511883736,0.0579124353826,0.868050575256,0.30945289135,0.0211416594684,0.989291965961,0.35364356637,0.377739727497,0.528863847256,1.78652783234e-06
0.32950091362,0.112662822008,0.932287216187,0.161633461714,0.12363383919,0.826892077923,0.238611072302,0.547091960907,0.720036268234,0.974028468132,0.876362740993,0.0435972101986
0.734939992428,0.062398802489,0.117666721344,0.0354020930827,0.522755503654,0.402168869972,0.72386187315,0.283616155386,0.137331932783,0.176212638617,0.283114612103,0.0871664881706
0.054431732744,0.395010083914,0.723008453846,0.00977097358555,0.0386147722602,0.410633414984,0.0220427345484,0.984476983547,0.53261578083,0.955307066441,0.878172397614,0.979944586754
0.0336069129407,0.905744373798,0.832523584366,0.0348677262664,0.0423643365502,0.306972056627,0.0539399124682,0.91184669733,0.816798329353,0.985814034939,0.959980130196,0.380534291267
0.105156235397,0.531689941883,0.787749409676,0.117804765701,0.617831528187,0.12030287087,0.900037050247,0.976559400558,0.486634790897,0.159201219678,0.068756043911,0.00414121523499
0.0549611486495,0.349297761917,0.708101212978,0.0394219793379,0.742261171341,0.00812619552016,0.124994277954,0.894687712193,0.373509705067,0.124342516065,0.0513642281294,0.0138766886666
0.0295612178743,0.9067248106,0.967948496342,0.0529900789261,0.0884156674147,0.162681415677,0.00660366378725,0.968816995621,0.871948301792,0.153779089451,0.870861053467,0.975953876972
0.2577932477,0.817504107952,0.938878536224,0.0118984365836,0.021540183574,0.362136125565,0.0163485053927,0.951281785965,0.81772351265,0.878533422947,0.88836312294,0.991035223007
0.0365601964295,0.943217635155,0.996603786945,0.0215132702142,0.0220144353807,0.5,0.0100625045598,0.993355870247,0.921337723732,0.989260315895,0.995485842228,0.0546259470284
0.00496767647564,0.788806438446,0.999788820744,3.18814522871e-06,0.0704270526767,0.168752729893,0.00136720621958,0.994067013264,0.618147015572,0.959125161171,0.997578263283,0.0144384233281
0.0523361042142,0.755119502544,0.961480975151,0.0253795273602,0.0920863002539,0.492213249207,0.0248943436891,0.233415827155,0.762594461441,0.595572769642,0.5,0.261294305325
0.0353798307478,0.952788174152,0.647282719612,0.112619064748,0.564223647118,0.251530706882,0.0610791631043,0.985523879528,0.401354014874,0.918420732021,0.468177527189,2.10935081668e-06
3.00000096379e-14,0.622126698494,0.0955903604627,3.00000096379e-14,0.979391694069,0.966273009777,1.57784197654e-05,0.808817088604,0.233973354101,0.0310994386673,0.685924530029,4.9355653573e-06
0.00344866304658,0.92030364275,0.999820828438,0.0822410881519,0.438859432936,0.0210394095629,0.00936589855701,0.985197424889,0.734775722027,0.0106855398044,0.99651825428,0.00953209958971
0.00999618973583,0.115650683641,0.995285987854,0.00698010390624,0.0479504652321,0.355398088694,0.00769688375294,0.996486186981,0.9391720891,0.925422549248,0.64121556282,0.997844278812
0.00766144599766,0.0933871939778,0.972213804722,0.0180160365999,0.369434684515,0.0393835268915,0.00237297988497,0.990157067776,0.530821561813,0.101705543697,0.99440830946,1.97539193891e-07
0.129750162363,0.84912776947,0.883643686771,0.102794386446,0.125607416034,0.84717208147,0.0332128293812,0.951598763466,0.739085197449,0.974033355713,0.94664901495,0.913648664951
0.0142420800403,0.749170839787,0.99128049612,0.00270435935818,0.014253558591,0.660403192043,0.00494363065809,0.304916262627,0.861878573895,0.914347290993,0.93561476469,0.970425844193
3.00000096379e-14,0.622126698494,0.0955903604627,3.00000096379e-14,0.979391694069,3.00000096379e-14,1.57784197654e-05,0.808817088604,0.417126059532,0.262073338032,0.0143037298694,2.70533087132e-06
3.00000096379e-14,0.622126698494,0.0955903604627,3.00000096379e-14,0.979391694069,0.323155254126,1.57784197654e-05,0.808817088604,0.476076066494,0.280179768801,0.0761106014252,1.08728130499e-07
0.0171565432101,0.707515239716,0.428876668215,0.0424514263868,0.755791783333,0.0117920050398,0.0178570467979,0.933807313442,0.366430640221,0.711296737194,0.799699068069,0.0047511626035
0.0281072147191,0.887865066528,0.790634691715,0.131520777941,0.229664683342,0.532428026199,0.158560410142,0.869812846184,0.649063766003,0.277623414993,0.804416000843,0.0517192445695
0.251375794411,0.453370153904,0.913231313229,0.02949395217,0.257642865181,0.0672884583473,0.0605917163193,0.718411922455,0.49480420351,0.983168184757,0.820686399937,0.0470009222627
0.0322290994227,0.763680636883,0.778945088387,0.0327646620572,0.824841618538,0.558058917522,0.0371547006071,0.987153053284,0.36355561018,0.518596708775,0.890681564808,3.50301036178e-07
0.00640610558912,0.620193481445,0.947689771652,0.00684473710135,0.351289272308,0.0524367652833,0.000160119190696,0.969382464886,0.857675611973,0.144514799118,0.815769076347,4.9657666068e-07
0.0710750371218,0.976354181767,0.748593688011,0.0305402129889,0.597056567669,0.133845046163,0.0256994646043,0.920262336731,0.794799864292,0.752049148083,0.969145894051,0.0297302007675
0.00601059338078,0.921465039253,0.99999922514,0.0208005551249,0.0113365072757,0.0478761792183,0.000210928585147,0.992956638336,0.845538437366,0.767497718334,0.990432798862,0.908993244171
0.0106548434123,0.661638915539,0.926877260208,0.0184406749904,0.0876551643014,0.154907137156,0.000642578757834,0.993935644627,0.583676457405,0.914089977741,0.998603343964,0.00322585762478
0.012678024359,0.886520504951,0.918530404568,0.079213373363,0.969641983509,0.244959011674,0.0180870275944,0.976248443127,0.352210849524,0.212622329593,0.289739787579,7.69971757109e-06
0.00340895238332,0.654738366604,0.99787914753,0.0166276041418,0.0499622263014,0.0496687106788,0.0015116854338,0.996869623661,0.778867185116,0.389805793762,0.938210308552,0.987209796906
0.0218779798597,0.405484139919,0.873276472092,0.00885293073952,0.45034262538,0.117730915546,0.00727292941883,0.991850376129,0.494496434927,0.0839972198009,0.891453146935,0.00980567373335
0.015993617475,0.777251660824,0.975705444813,1.19346877909e-05,0.90184956789,0.292539834976,0.0106136668473,0.948175668716,0.352707743645,0.633685410023,0.984130203724,1.39450116876e-06
3.00000096379e-14,0.622126698494,0.0955903604627,3.00000096379e-14,0.979391694069,0.788517951965,1.57784197654e-05,0.808817088604,0.291437655687,0.0360831543803,6.94285446912e-08,1.76274070895e-08
0.135027766228,0.585417151451,0.285189598799,0.127375915647,0.773666143417,0.147705644369,0.104993529618,0.891250789165,0.357588350773,0.988568246365,0.296986669302,0.027976622805
0.0546447187662,0.882872402668,0.490484237671,0.0188842080534,0.118990957737,0.314070343971,0.110768198967,0.682372272015,0.632353723049,0.974750339985,0.985206246376,0.424640774727
3.00000096379e-14,0.622126698494,0.0955903604627,3.00000096379e-14,0.979391694069,0.0181791391224,1.57784197654e-05,0.808817088604,0.353814840317,0.0428347289562,4.66596503657e-08,2.60747086145e-08
3.00000096379e-14,0.622126698494,0.0955903604627,3.00000096379e-14,0.979391694069,0.46984064579,1.57784197654e-05,0.808817088604,0.510517954826,0.0743191614747,0.0128877693787,8.76327533206e-07
0.397761940956,0.622126698494,0.999999403954,0.00737531669438,0.0746221989393,0.352032572031,3.70917814507e-06,0.824185371399,0.532450139523,0.881391465664,0.948606908321,0.204475104809
0.0466539040208,0.780133843422,0.607727110386,0.061421059072,0.506735265255,0.169549912214,0.0421722270548,0.972659170628,0.427244573832,0.970972120762,0.548982322216,1.82776384463e-05
3.00000096379e-14,0.622126698494,0.0955903604627,3.00000096379e-14,0.979391694069,0.879239201546,1.57784197654e-05,0.808817088604,0.526285946369,0.0264477413148,0.0116802128032,1.58664443006e-06
0.157611265779,0.505801618099,0.998591899872,0.00393214588985,0.163885131478,0.464542984962,0.0266260262579,0.982302725315,0.757459163666,0.999996542931,0.988870859146,0.229123592377
0.0150936339051,0.374145597219,0.954807341099,0.00355982943438,0.0210007037967,0.0390392243862,0.00875262636691,0.992744326591,0.865318715572,0.924794018269,0.989971995354,9.58816137597e-09
0.0741136446595,0.0057983417064,0.573734641075,0.0436259433627,0.190725848079,0.867292642593,0.240970060229,0.844423353672,0.735098004341,0.169390916824,0.126598849893,0.886260271072
0.0467121340334,0.698724925518,0.537712395191,0.0681317448616,0.154488578439,0.634714961052,0.0723839998245,0.992749333382,0.254478901625,0.930288493633,0.954373776913,0.967640697956
0.0105211380869,0.109981633723,0.978507518768,0.028001267463,0.649441182613,1.11056178866e-05,0.00441940035671,0.986221551895,0.370491713285,0.0432765223086,0.855248272419,5.99313978e-07
0.0269603040069,0.897024869919,0.670740067959,0.0561664775014,0.301141679287,0.547925233841,0.012809031643,0.966063439846,0.564651727676,0.201213732362,0.0275770202279,0.577652513981
0.0209919121116,0.315525591373,0.95946842432,0.0842157900333,0.171286091208,0.0913498178124,0.00501016946509,0.958417892456,0.610413432121,0.263349086046,0.900770425797,0.00921082030982
0.0261629372835,0.863365352154,0.681144654751,2.32427380294e-12,0.970726370811,0.0850043296814,0.00209521246143,0.822829127312,0.352210044861,0.220038622618,0.0820967555046,1.16945102491e-08
0.00448974734172,0.192601695657,0.941676020622,0.0249799974263,0.123017594218,0.055346518755,0.00494657317176,0.994535624981,0.586980998516,0.135208934546,0.762114942074,0.0105558866635
3.00000096379e-14,0.622126698494,0.0955903604627,3.00000096379e-14,0.979391694069,0.176247164607,1.57784197654e-05,0.808817088604,0.4036231637,0.21486748755,3.81390350412e-08,7.72822295403e-06
0.0587192177773,0.90028834343,0.986159861088,0.128742039204,0.144349426031,0.793371975422,0.0168730895966,0.931129992008,0.881332695484,0.463974744081,0.995251834393,0.00403241161257
0.039176274091,0.572269618511,0.99643445015,0.0453097596765,0.0614241622388,0.202097177505,0.00438491255045,0.994956731796,0.567428767681,0.782584905624,0.963528573513,0.390985399485
0.0124991508201,0.929662048817,0.996299564838,0.0212839450687,0.0456489697099,0.134395822883,0.001334650442,0.994772493839,0.712134063244,0.128582701087,0.999930143356,0.0031869688537
0.0142981624231,0.0914085954428,0.927106380463,0.107659488916,0.352178424597,0.096655331552,0.00488447863609,0.999988555908,0.562592148781,0.852599382401,0.994342565536,8.78587780306e-09
0.011579759419,0.483579009771,0.990677297115,0.0238722842187,0.105620279908,0.00967910699546,0.000751907587983,0.995544672012,0.647493243217,0.0559873096645,0.936360418797,1.36025346364e-06
0.0258975047618,0.383769631386,0.908580601215,0.0733516216278,0.889118313789,0.0324356295168,0.0194490924478,0.990834236145,0.356868028641,0.267115920782,0.57376152277,8.48446177315e-07
2.01546095013e-06,0.819441199303,0.999981284142,0.00476835854352,0.0729351043701,0.0811298117042,0.000426032056566,0.506041944027,0.72177451849,0.478809475899,0.386260449886,0.971838057041
0.00564809702337,0.410627692938,0.97512948513,0.0287180636078,0.385911554098,0.00518671423197,0.00442185020074,0.992095351219,0.552923560143,0.120656512678,0.126682221889,1.91856708298e-09
0.0226162336767,0.935253560543,0.889386236668,0.0343854725361,0.127220064402,0.162460610271,0.0362874008715,0.841110825539,0.683491587639,0.999990940094,0.952183902264,0.00552196102217
0.0144706806168,0.407198876143,0.940413475037,0.0402748547494,0.0503557622433,0.176409974694,0.0171904470772,0.994934499264,0.829684615135,0.5,0.818508863449,0.0606196559966
0.00942450296134,0.0905970707536,0.982070803642,0.062178414315,0.0805913209915,0.0387594588101,0.00241763237864,0.999988794327,0.740396559238,0.912069261074,0.917003154755,4.43167706976e-08
0.0215523950756,0.898110330105,0.910661816597,0.0142640816048,0.740753114223,0.291313767433,0.0165397711098,0.992206692696,0.360870420933,0.139253184199,0.126958936453,7.57778373384e-09
0.072319932282,0.962996423244,0.677233576775,0.0365248247981,0.173927679658,0.272660821676,0.0293183829635,0.986696779728,0.721976220608,0.0596425943077,0.0269338451326,0.00601132260635
0.0560426600277,0.883685529232,0.318539083004,0.00943202152848,0.448391348124,0.224911034107,0.0718448385596,0.852791845798,0.396526634693,0.557328343391,0.871778070927,0.0183020476252
0.0127322832122,0.987703025341,0.981749951839,1.23109884953e-05,0.524242162704,0.225967496634,0.0037928011734,0.987440049648,0.395386666059,0.841365873814,0.404341518879,0.417910784483
0.00355262774974,0.631941854954,0.993624746799,0.0529196448624,0.195989146829,0.0420507378876,0.00214085262269,0.99521625042,0.681881427765,0.230325505137,0.987956345081,1.24800871859e-08
0.0155917666852,0.985891819,0.984423518181,6.93930724083e-06,0.022896585986,0.178803011775,0.00137024512514,0.997233331203,0.806055366993,0.952764749527,0.375534623861,0.250470280647
0.0304285436869,0.879305899143,0.804745972157,0.0350199826062,0.942094862461,0.479490160942,0.0431422330439,0.783810913563,0.352289199829,0.178806558251,0.458828121424,2.05403148357e-06
3.62107016372e-07,0.622098863125,0.992951393127,0.0120602780953,0.878891527653,0.00701606459916,0.0309484526515,0.808070421219,0.356579989195,0.0483789555728,0.0304181035608,1.86823401194e-09
0.054223716259,0.225453972816,0.816784977913,0.0698517411947,0.0592373758554,0.686367332935,0.11205599457,0.97976577282,0.764523327351,0.758299946785,0.922415733337,0.151422560215
3.00000096379e-14,0.622126698494,0.0955903604627,3.00000096379e-14,0.979391694069,0.740235090256,1.57784197654e-05,0.808817088604,0.371772736311,0.64710277319,0.0709876939654,4.04684108446e-08
3.00000096379e-14,0.622126698494,0.0955903604627,3.00000096379e-14,0.979391694069,0.651449203491,1.57784197654e-05,0.808817088604,0.59362924099,0.0785944461823,0.0286830887198,4.06630806538e-06
0.0816701948643,0.856129705906,0.395389318466,0.0151620600373,0.571425199509,0.31385242939,0.0686945468187,0.697012722492,0.377253323793,0.49428498745,0.323440343142,0.0153988692909
0.0145748937503,0.163955643773,0.882333338261,2.57588993691e-07,0.164679765701,0.558263540268,0.00805465970188,0.991935431957,0.480366259813,0.828591227531,0.98861014843,1.23716126836e-05
0.0272635798901,0.938931405544,0.88356000185,0.0731044784188,0.935789823532,0.096449278295,0.0239505469799,0.957210958004,0.352357655764,0.705221056938,0.0335746966302,1.60332491728e-09
0.00508933607489,0.599020779133,0.98343193531,6.58362159811e-06,0.302588909864,0.108456879854,0.00208175834268,0.999983727932,0.868448972702,0.100231215358,0.998094201088,7.5701322988e-10
0.00914872810245,0.0670339092612,0.978959739208,0.00837787613273,0.394161581993,0.0915062576532,0.00477445637807,0.990029752254,0.471047461033,0.648775875568,0.962647497654,0.0123330624774
2.78252713315e-07,0.722383260727,0.999552369118,0.0103992400691,0.0612004175782,0.0113665498793,0.000134182992042,0.986228883266,0.845388412476,0.011734591797,0.99959397316,1.23929912661e-05
0.0159452278167,0.469603151083,0.918662369251,0.0201747361571,0.180186569691,0.0837154462934,0.00673855934292,0.997447133064,0.51105350256,0.474516034126,0.582964897156,3.01800810121e-07
0.028800431639,0.921107113361,0.729614198208,0.0641885995865,0.198131635785,0.299087256193,0.114820048213,0.98923689127,0.646972060204,0.137724846601,0.107010670006,0.400498270988
0.0275175347924,0.419904440641,0.729771792889,0.121818698943,0.203102469444,0.0822302103043,0.0307697765529,0.950101137161,0.763084292412,0.645566046238,0.969364464283,0.0581488534808
0.00547517370433,0.959784388542,0.999947071075,0.00496447831392,0.27111530304,0.021000104025,0.00198675459251,0.941470146179,0.407973974943,0.384254783392,0.266725599766,0.912352323532
0.0253708437085,0.987142205238,0.972237884998,9.13275925996e-06,0.0260009653866,0.854340076447,0.00145517673809,0.98930811882,0.700594782829,0.33339497447,0.961919486523,0.551057040691
0.00981883425266,0.0618357658386,0.997332334518,0.0132950237021,0.0376064032316,0.110071219504,0.00336508825421,0.975341677666,0.891311407089,0.703532040119,0.549813628197,0.99921476841
0.0220430754125,0.212229624391,0.919355630875,0.0248970929533,0.088457249105,0.197964757681,0.0379494987428,0.996089756489,0.691912472248,0.103227764368,0.616183996201,0.00256329402328
0.660770058632,0.218366473913,0.954379081726,0.0528218708932,0.166588753462,0.585238754749,0.0426227636635,0.984291553497,0.699934720993,0.837742328644,0.679487526417,0.999316394329
0.598642468452,0.973119616508,0.145785525441,0.440360218287,0.728748261929,0.0210585128516,0.676859080791,0.62818133831,0.252307265997,0.0161951854825,0.0136172361672,0.0684766471386
0.246569171548,0.924331128597,0.431527674198,0.133922562003,0.34144821763,0.701073050499,0.270768284798,0.731623768806,0.369677037001,0.971030890942,0.204020828009,0.144224345684
0.0351262912154,0.855339109898,0.98448073864,0.0337418653071,0.126176357269,0.101897120476,0.000818247033749,0.992387652397,0.782612681389,0.976287007332,0.96250551939,2.9088212159e-06
0.54065066576,0.969187259674,0.859336495399,0.0317284800112,0.247489154339,0.639041662216,0.0105780651793,0.511867403984,0.583054125309,0.952689111233,0.983786523342,0.0442331619561
0.950302422047,0.976941525936,0.890341043472,0.00625810353085,0.715834915638,0.287089705467,0.409067511559,0.374896556139,0.358661293983,0.747243463993,0.848608195782,0.00597758311778
0.255407124758,0.815757334232,0.415406107903,0.124135404825,0.534246325493,0.0908169522882,0.321918129921,0.459572225809,0.458048582077,0.880028665066,0.0028684285935,0.00345428055152
3.00000096379e-14,0.622126698494,0.0955903604627,3.00000096379e-14,0.979391694069,0.862614274025,1.57784197654e-05,0.808817088604,0.250956267118,0.185827210546,0.00817406270653,0.0500345975161
0.00354833202437,0.808479547501,0.586247801781,0.0112461838871,0.340338379145,0.795226156712,0.00274032680318,0.98299998045,0.41548371315,0.435608029366,0.833709716797,0.00442405603826
0.763222873211,0.939132511616,0.0689393654466,0.0534334369004,0.348380923271,0.746037423611,0.615870058537,0.0379014797509,0.22324192524,0.829273879528,0.275573760271,0.891615211964
0.391738325357,0.973582446575,0.400699555874,5.85174348089e-06,0.176952257752,0.276358217001,0.0732735693455,0.715730309486,0.492972522974,0.990600585938,0.472834020853,0.299652099609
3.00000096379e-14,0.622126698494,0.0955903604627,3.00000096379e-14,0.979391694069,0.038703173399,1.57784197654e-05,0.808817088604,0.297632068396,0.00149123638403,0.00527916429564,4.52553584884e-11
0.0929630920291,0.109917454422,0.849333822727,0.0556033030152,0.332206964493,0.0692743957043,0.105202421546,0.868953645229,0.83005964756,0.253201752901,0.106153592467,0.132250338793
0.324277490377,0.0347154848278,0.938510715961,0.0096917450428,0.0764061585069,0.474665671587,0.0666394308209,0.984998703003,0.701384067535,0.979275584221,0.575920760632,0.218178674579
0.128114998341,0.1364813447,0.947301983833,0.0272359456867,0.793505489826,0.0559798032045,0.0649165660143,0.960391461849,0.680132269859,0.801715672016,0.941589653492,0.0217255316675
0.881763100624,0.963544309139,0.623194158077,0.0050278538838,0.382165104151,0.18297034502,0.052494853735,0.945262551308,0.65583896637,0.369500100613,0.680953264236,0.832986533642
0.481977969408,0.705762624741,0.0926663652062,0.00480715278536,0.985298514366,0.135195359588,0.404376626015,0.878354847431,0.346894323826,0.0646841824055,0.00660172710195,0.0816315189004
0.0586063154042,0.913086473942,0.885700881481,6.53399538919e-08,0.435100674629,0.0605333410203,0.00611999258399,0.990193367004,0.886467337608,0.575000584126,0.835389554501,0.436570167542
0.0824986472726,0.344243466854,0.813293635845,0.0194035917521,0.229783922434,0.909154057503,0.0937130972743,0.967090368271,0.698000907898,0.137424126267,0.122745081782,0.00936063192785
0.862302184105,0.203549876809,1.17193303595e-06,0.969018697739,0.332419067621,0.548689007759,0.73340255022,0.06835706532,0.0723566189408,0.415910512209,0.245569258928,0.363722503185
3.00000096379e-14,0.622126698494,0.0955903604627,3.00000096379e-14,0.979391694069,0.0120346639305,1.57784197654e-05,0.808817088604,0.414042711258,0.0153240030631,0.00400239601731,1.11084268895e-07
0.00899142958224,0.505099534988,0.931081652641,0.0273506995291,0.650614142418,0.144946068525,0.0383269377053,0.992767572403,0.378890305758,0.958873152733,0.0044033206068,0.247866049409
0.00293320510536,0.764449596405,0.9955483675,0.00616500107571,0.359385281801,0.176413580775,0.00218645459972,0.996894419193,0.586032509804,0.983070194721,0.751859068871,8.20876948637e-08
0.70517796278,0.972833693027,0.671929478645,0.111535005271,0.755029141903,0.263742595911,0.397046715021,0.624956667423,0.350205928087,0.979256391525,0.0772814452648,0.0408685170114
0.0278109740466,0.959146201611,0.917632877827,0.0110390409827,0.402326315641,0.256029129028,0.0151719693094,0.942516922951,0.863025784492,0.836425960064,0.133488103747,0.045616298914
0.0306163374335,0.948500037193,0.97941827774,0.084069699049,0.0371373705566,0.0599391125143,0.0219565778971,0.990730345249,0.955734789371,0.374365329742,0.658103704453,0.980241000652
5.1195657956e-12,0.257138460875,0.111347384751,3.00000096379e-14,0.854346632957,0.0771358460188,1.24981343106e-05,0.808817088604,0.41929602623,0.867556393147,0.851464629173,0.0251701213419
6.36332870077e-12,0.619259119034,0.98189675808,0.263449460268,0.556509196758,0.453006148338,0.138343125582,0.894022405148,0.517152428627,0.590953350067,0.366822332144,0.4909529984
0.922613859177,0.656906664371,0.354725271463,0.0465912558138,0.718345999718,0.505223691463,0.54223805666,0.716920793056,0.669128835201,0.986603915691,0.175975039601,0.428320616484
0.0585010685027,0.620079934597,0.506625473499,0.129928082228,0.883590817451,0.0124488892034,0.991356670856,0.917346835136,0.410953789949,0.022299233824,4.53346501672e-06,4.50770809568e-10
3.00000096379e-14,0.622126698494,0.0955903604627,3.00000096379e-14,0.979391694069,0.151898980141,1.57784197654e-05,0.808817088604,0.183146953583,0.000639925652649,1.91820618056e-05,0.00368100730702
0.323776483536,0.241576701403,0.901811480522,0.0224975347519,0.261789143085,0.0288934763521,0.0675542578101,0.28451487422,0.552742481232,0.999998688698,0.989397823811,0.0543521717191
0.245890423656,0.160971134901,0.84099894762,0.0622671544552,0.305153876543,0.279059201479,0.0598601363599,0.961470544338,0.52561545372,0.961306393147,0.796833395958,0.0394717827439
3.00000096379e-14,0.666927099228,0.0955903604627,3.00000096379e-14,0.979391694069,0.48651522398,1.57784197654e-05,0.808817088604,0.739597558975,0.222278505564,0.479182034731,0.0289676114917
0.205242797732,0.629385650158,0.924870669842,0.00648210989311,0.55322343111,0.0510563887656,0.0605470649898,0.96540927887,0.431636363268,0.947815656662,0.0411696024239,6.22653715254e-06
0.198606386781,0.989208459854,0.82591676712,0.0293247383088,0.199935391545,0.872701108456,0.246105819941,0.668903648853,0.684866666794,0.940021395683,0.0280660800636,0.999834358692
0.510489404202,0.242014721036,0.00765403313562,0.869953930378,0.548101305962,0.886800825596,0.776571512222,0.438095867634,0.107138283551,0.250568568707,0.412935853004,0.96286970377
0.056456591934,0.974133849144,0.717723071575,0.237038075924,0.439742594957,0.155150905252,0.0501436404884,0.971379697323,0.6913818717,0.00895725656301,0.291397899389,0.0232013333589
0.0326058231294,0.0287769827992,0.603213489056,0.0781849101186,0.254313468933,0.315994769335,0.0327271297574,0.969847261906,0.681813597679,0.00679534999654,0.0519834049046,0.029367312789
0.0213383827358,0.906988024712,0.973751366138,1.40033780553e-05,0.520897984505,0.117565006018,0.0152040952817,0.996621489525,0.808676898479,0.797462821007,0.0158559735864,0.74643856287
0.0062764515169,0.914213240147,0.944066464901,2.46095510192e-06,0.153634786606,0.0185607653111,0.00344749703072,0.909898936749,0.825652778149,0.113066330552,0.171033531427,0.997437000275
0.557651698589,0.58981025219,0.912338376045,9.38642460824e-06,0.314309120178,0.036689132452,0.0838730931282,0.861834049225,0.490198165178,0.980964362621,0.951481878757,0.0855021029711
1.14190397653e-05,0.693315505981,0.656521260738,3.00000096379e-14,0.143799111247,0.0977194085717,6.65753395879e-05,0.808872580528,0.535480618477,0.960591316223,0.622965812683,0.283903867006
0.00642335647717,0.795040011406,0.994318604469,0.0149313705042,0.351326942444,1.33107994316e-06,0.00257864920422,0.977493226528,0.881131529808,0.0121238203719,0.959557592869,3.87431009585e-06
0.435046046972,0.195853203535,0.91366904974,0.0216157957911,0.48258510232,0.0184409283102,0.059207379818,0.993627429008,0.547166287899,0.81380456686,0.912794172764,0.342610895634
0.420783787966,0.346233636141,0.963363826275,0.00543006323278,0.254779040813,0.0398177057505,0.0965293124318,0.949580729008,0.548343539238,0.354822814465,0.0223929677159,0.0634549334645
0.913064718246,0.650297224522,0.703820824623,0.0108759412542,0.696275293827,0.125816196203,0.259176760912,0.734196126461,0.370075017214,0.109593465924,0.00600762618706,0.920811653137
0.0195240303874,0.259697169065,0.903866767883,0.0124303344637,0.180828213692,0.772900998592,0.336714595556,0.870111167431,0.595701575279,0.991333723068,0.541951775551,0.932576179504
0.273348003626,0.987762093544,0.924243807793,0.0857928693295,0.166562020779,0.135468795896,0.0835895910859,0.934997558594,0.642465114594,0.97783523798,0.0593044906855,0.0837270095944
0.222912862897,2.45894852924e-07,0.898238658905,0.130284979939,0.101170524955,0.730294466019,0.224345758557,0.612428367138,0.700071871281,0.913601398468,0.473900794983,0.940501391888
0.0444608591497,0.840706408024,0.996505796909,0.0138395829126,0.0145616000518,0.178944483399,0.00839735846967,0.980760574341,0.858327329159,0.970925211906,0.772250533104,0.045719511807
0.201334968209,0.169748485088,0.606001973152,0.0314093716443,0.639253914356,0.03937407583,0.106148123741,0.815234065056,0.71715348959,0.931127786636,0.925796747208,0.36500415206
0.0370799899101,0.928342163563,0.985741913319,0.0316628366709,0.249809190631,0.336930066347,0.0605160333216,0.788528978825,0.593568444252,0.996293842793,0.983648657799,0.364960670471
0.832843899727,0.166102021933,0.357313275337,0.0132879195735,0.138149261475,0.777732670307,0.299528867006,0.548188388348,0.356085687876,0.980064094067,0.763747394085,0.85387814045
0.271929651499,0.437478154898,0.613659083843,0.14642201364,0.466402709484,0.0656700506806,0.195519790053,0.944797575474,0.580940663815,0.0630009621382,0.00799404550344,0.185219496489
0.235881745815,0.984144032001,0.710904240608,0.140327721834,0.521769344807,0.20828717947,0.169025465846,0.255782067776,0.385510027409,0.718657076359,0.958298563957,0.0157292187214
0.0547412745655,0.933641731739,0.994880497456,4.31427270087e-06,0.460255920887,0.0334375351667,0.00773166818544,0.987525045872,0.492242068052,0.884704172611,0.881888151169,0.078904800117
0.163766413927,0.227211996913,0.5,0.242188602686,0.64144051075,0.0198177620769,0.0836450234056,0.982653141022,0.442581087351,0.0224795639515,0.664203345776,0.0242767836899
0.0154259931296,0.629575490952,0.980325043201,0.018101118505,0.839516460896,1.47453181398e-06,0.0113971401006,0.995911359787,0.357355058193,0.222959339619,0.427707880735,1.79808594112e-05
0.198440849781,0.361553579569,0.355022370815,0.0202828403562,0.661827325821,0.101086311042,0.273065954447,0.530631065369,0.432689219713,0.909153997898,0.812181770802,0.626062631607
0.448209792376,0.634678602219,0.553765356541,0.152557253838,0.821785748005,0.43923419714,0.292596280575,0.800362765789,0.353063642979,0.996350705624,0.587378561497,0.0188884735107
0.514232218266,0.243338942528,0.42920383811,0.0685680136085,0.558752179146,0.26865541935,0.414290308952,0.277980536222,0.29842633009,0.692165613174,0.127966627479,0.0124034928158
0.00875881128013,0.73342269659,0.983372747898,0.00630842335522,0.275554120541,0.0139796249568,0.0221330933273,0.894699335098,0.699451863766,0.753572881222,0.958181142807,0.110010497272
0.0794795677066,0.983294129372,0.906834602356,0.00427470821887,0.0445691868663,0.576224267483,0.0656141117215,0.976002216339,0.779615223408,0.310024768114,0.930674254894,0.975743591785
0.00743206962943,0.92227524519,0.931253254414,3.97558915211e-06,0.319752216339,0.271137446165,0.00167372240685,0.971119105816,0.581293880939,0.778311669827,0.0218482092023,1.49308689856e-07
0.189110502601,0.97096914053,0.953688681126,1.35710911309e-06,0.126360103488,0.152246981859,0.019109332934,0.603728055954,0.73147469759,0.953795015812,0.353540629148,0.772035181522
0.403401970863,0.942287683487,0.779859244823,0.177916556597,0.518018424511,0.367882847786,0.199479296803,0.516645610332,0.395463645458,0.900510549545,0.629496693611,1.03719081324e-07
0.0178816318512,0.645676493645,0.987660706043,8.83744007751e-07,0.0755244269967,0.0387660302222,0.00786752067506,0.984284341335,0.957117855549,0.691214025021,0.36578592658,0.977584183216
3.00000096379e-14,0.622126698494,0.0955903604627,3.00000096379e-14,0.979391694069,0.152972146869,1.57784197654e-05,0.808817088604,0.322423100471,0.0332428999245,0.00330765987746,2.34874022453e-08
0.119722113013,0.898481249809,0.991549015045,0.0103994933888,0.597504198551,0.00885453820229,0.0141949327663,0.979803800583,0.382073491812,0.997225284576,0.482569038868,0.0399348549545
0.0511056371033,0.848199248314,0.923004508018,0.0109975142404,0.143176987767,0.275297403336,0.0087765827775,0.989949345589,0.863742232323,0.644830465317,0.0804619044065,0.023147309199
3.00000096379e-14,0.622126698494,0.0955900922418,3.00000096379e-14,0.979391694069,6.18221156401e-06,1.57784197654e-05,0.808817088604,0.272069454193,0.00235781050287,7.50757976675e-07,3.52909387402e-06
0.449440270662,0.830497026443,0.961565196514,0.0667341724038,0.906527876854,0.312691867352,0.153294250369,0.975256443024,0.352489173412,0.981249928474,0.307997375727,0.00467536970973
0.0169146452099,0.375788629055,0.922323584557,0.0438378714025,0.252194285393,0.556947588921,0.00683940574527,0.995073974133,0.790582895279,0.55463975668,0.0438455455005,0.00595910055563
0.0111213643104,0.846655786037,0.952725410461,1.35004593176e-05,0.663779735565,0.0464475788176,0.00430442392826,0.997403383255,0.9029468894,0.458140134811,0.780464887619,0.00280341715552
0.0163390077651,0.361869305372,0.993030250072,0.00737192900851,0.417142987251,0.0109670199454,0.00747525971383,0.981374979019,0.46933349967,0.97516977787,0.212088435888,0.125004604459
3.00000096379e-14,0.622126698494,0.0955903604627,3.00000096379e-14,0.979391694069,0.190553694963,1.57784197654e-05,0.808817088604,0.754554927349,0.315972447395,0.00319419009611,0.00794863700867
0.00831925403327,0.509178221226,0.998715519905,0.0523764081299,0.0375388525426,0.197981134057,0.00256282859482,0.996496796608,0.970822751522,0.897378087044,0.950532078743,0.14014261961
0.14445656538,0.173420906067,0.258302986622,0.0303935185075,0.363642185926,0.353843748569,0.317565619946,0.78762793541,0.365544855595,0.600118517876,0.724068164825,6.20873106527e-06
0.0475761555135,0.490060806274,0.959644496441,0.0718439593911,0.291710108519,0.0408972091973,0.0318820029497,0.995681285858,0.429427862167,0.965078771114,0.133803680539,0.074778534472
0.802260160446,0.320480644703,0.0900541841984,0.205627277493,0.294002324343,0.0742468014359,0.517899572849,0.183388546109,0.199556097388,0.99999588728,0.907404243946,0.471510976553
3.00000096379e-14,0.622126698494,0.0955903604627,3.00000096379e-14,0.979391694069,0.132895514369,1.57784197654e-05,0.808817088604,0.0945241376758,0.00187757867388,0.00397241394967,0.00585272721946
0.685290515423,0.633615255356,0.0623184666038,0.431817114353,0.32533916831,0.351752340794,0.557418942451,0.0079493150115,0.293047487736,0.859492480755,0.953208804131,0.975963711739
0.571643173695,0.401646673679,0.0337297990918,0.690508425236,0.493375062943,0.779555797577,0.842589497566,0.109877116978,0.0663740634918,0.590523898602,0.198920488358,0.936946928501
0.0443625487387,0.17703422904,0.978961229324,0.0145105272532,0.374420523643,0.00422566989437,0.0068495310843,0.946144759655,0.49248316884,0.965416073799,0.704234242439,0.381051748991
0.406249493361,0.678565561771,0.226787760854,3.00000096379e-14,0.894712865353,0.125482901931,0.0007353607798,0.809026837349,0.350217580795,0.059759452939,0.0224275738001,5.05161779074e-06
3.00000096379e-14,1.2580888324e-05,0.0125476066023,3.00000096379e-14,0.94963824749,0.266273796558,1.51233207362e-05,0.808817088604,0.288171976805,0.38454785943,0.349519282579,0.940930008888
3.00000096379e-14,0.635698676109,0.0415801294148,3.00000096379e-14,0.978693783283,0.181403174996,1.57775848493e-05,0.808817088604,0.431823760271,0.781727015972,0.472864359617,4.24258075782e-07
0.00331550091505,0.847824692726,0.997389495373,0.0124800615013,0.145167425275,0.140078082681,0.00323817669414,0.995142281055,0.771522402763,0.0853096693754,0.562979519367,0.00806715060025
0.0376210063696,0.512414991856,0.961219191551,0.0191361550242,0.786976516247,1.27364719447e-05,0.00882354285568,0.999993681908,0.755858182907,0.236496821046,0.505647420883,0.00587244005874
3.00000096379e-14,0.622126698494,0.0955903604627,3.00000096379e-14,0.979391694069,3.00000096379e-14,1.57784197654e-05,0.808817088604,0.352209240198,0.0228617265821,1.1667113109e-10,1.57492754949e-10
0.292570888996,0.670344948769,0.771989047527,0.152277693152,0.191549018025,0.596210241318,0.157476812601,0.797091662884,0.48963367939,0.911773860455,0.708492875099,0.0222513824701
0.345015615225,0.762323558331,0.964912772179,0.0287989992648,0.685341358185,0.159366652369,0.0228315349668,0.921791791916,0.374000430107,0.799162089825,0.139711365104,0.011419233866
0.0207054968923,0.656883358955,0.982694029808,0.00427789799869,0.0714917555451,0.0231573563069,0.010120132938,0.992724180222,0.85916274786,0.922004580498,0.735056221485,0.661277592182
0.995874524117,0.622401714325,0.0125281065702,3.00000096379e-14,0.869480967522,0.154536306858,5.17441803822e-05,0.808817088604,0.138052925467,0.0853488370776,0.530118405819,0.00723836990073
0.129102289677,0.812865436077,0.939109385014,0.00758041581139,0.106999948621,0.104544974864,0.060260117054,0.960802018642,0.766205847263,0.85900247097,0.191623553634,0.99254488945
0.0939867123961,0.880265295506,0.469017297029,0.0399755090475,0.271321088076,0.787073552608,0.207395076752,0.167716175318,0.55454903841,0.999999821186,0.931803762913,0.480227082968
0.357588797808,0.757774055004,0.0122695108876,0.491526722908,0.416792333126,0.630399465561,0.601504921913,0.361628681421,0.347998648882,0.995313107967,0.981788516045,0.758769214153
0.238107889891,0.216616123915,0.511337697506,0.563126862049,0.919522106647,0.0109929237515,0.424450010061,0.461704134941,0.349344611168,0.0854474082589,0.00267236214131,0.0372966453433
0.121389076114,0.753674447536,0.931386709213,0.00486186286435,0.327497720718,0.0994490161538,0.0582519993186,0.98360222578,0.637664139271,0.991668343544,0.63431084156,0.0491814985871
3.00000096379e-14,0.622126698494,0.0955903604627,3.00000096379e-14,0.979391694069,0.452997326851,1.57784197654e-05,0.808817088604,0.192216232419,0.00735056307167,4.23171046815e-12,2.35917340774e-07
3.00000096379e-14,0.622126698494,0.0955903604627,3.00000096379e-14,0.979391694069,0.849446296692,1.57784197654e-05,0.808817088604,0.257025182247,0.209985077381,2.89082521476e-07,2.01215435425e-08
0.938823401928,0.568764030933,0.421141684055,0.198864489794,0.80585038662,0.14786568284,0.562459528446,0.286584943533,0.413906186819,0.734139442444,0.0230925548822,0.407100439072
0.390701144934,0.832729160786,0.0956560820341,0.00257598096505,0.944853365421,0.421455979347,0.0614911541343,0.843805611134,0.358366161585,0.106271825731,0.99452227354,0.0776859596372
0.965227842331,0.598032832146,0.180621087551,0.017277110368,0.873541653156,0.0233020205051,0.791340053082,0.929243922234,0.346400976181,0.0204259902239,5.06994274474e-06,0.331740915775
0.99999910593,0.846782147884,1.15913735499e-07,0.0273854620755,0.990632653236,0.315765380859,0.911649763584,0.948064744473,0.185866713524,0.0171901546419,1.9791359307e-07,0.00499400310218
3.00000096379e-14,0.454024851322,0.0211543235928,0.999116361141,0.979850590229,0.999999880791,0.91985219717,0.808817088604,0.35220977664,0.220299184322,6.9672069003e-08,0.0228345599025
0.00685030501336,0.579193234444,0.991339325905,0.700893521309,0.604473233223,0.0438941344619,0.007677718997,0.980468034744,0.851070523262,0.670925378799,0.751466631889,0.791945099831
0.703962743282,0.752042591572,0.305691450834,0.0098458873108,0.761671483517,0.179280340672,0.132632151246,0.914038717747,0.470568954945,0.0436328165233,0.0493467077613,0.433787167072
0.0663635283709,0.547614276409,0.701638460159,0.0457219369709,0.206492558122,0.575471997261,0.0405705012381,0.838961422443,0.346438616514,0.999998927116,0.964550554752,0.0241227392107
0.649165511131,0.200399443507,1.56368187163e-05,0.710167348385,0.148330062628,0.734940290451,0.711114287376,0.0769221335649,0.0781494900584,0.319123268127,0.133862823248,0.795418143272
0.425568759441,0.651974320412,0.493836194277,0.049268309027,0.835706591606,0.119144871831,0.343762427568,0.885128796101,0.303350001574,0.0595516040921,0.220396012068,0.909020245075
0.008788947016,0.622126638889,0.10121563077,3.00000096379e-14,0.939493238926,0.077026873827,5.59899744985e-05,0.808817088604,0.608498990536,0.0886769145727,1.56103760673e-05,0.0796929076314
0.999868929386,0.979998230934,0.0107976561412,0.120616592467,0.765316963196,0.728340148926,0.949843347073,0.530174791813,0.319503456354,0.575060367584,0.232624873519,0.438577890396
0.938634753227,0.0118315899745,0.0122868092731,0.439959466457,0.894089281559,0.436152726412,0.865178465843,0.34033960104,0.195837914944,0.0112787671387,0.806134939194,0.0340068414807
0.999886214733,0.0185223482549,0.00391839072108,0.622069776058,0.932444274426,0.208032608032,0.926832139492,0.189047604799,0.131196856499,0.00389669649303,0.00263998308219,0.943318903446
0.56166267395,0.772084712982,0.184410467744,0.0387688875198,0.803894400597,0.199142292142,0.062366515398,0.999987363815,0.565930843353,0.220510318875,0.745045900345,0.00982948113233
0.751318752766,0.0121994949877,0.94636118412,0.00692805554718,0.53972029686,0.774315476418,0.145226851106,0.459891080856,0.621850609779,0.939444482327,0.407911598682,0.902512133121
0.0660477653146,0.477754235268,0.671189665794,5.50418543209e-14,0.695727586746,0.151044204831,0.00311633758247,0.808863699436,0.634353280067,0.0799470990896,0.213130399585,0.998341321945
0.967892408371,0.641631782055,0.243996992707,1.54571771418e-05,0.816566228867,0.0307852011174,0.0306702423841,0.798921406269,0.452889889479,0.012017885223,1.33335674946e-06,1.09856659947e-06
0.540879070759,0.73491281271,0.5,0.0433877445757,0.959344267845,0.0388214699924,0.148025989532,0.806322097778,0.352775454521,0.134587705135,0.666127324104,1.44295586324e-06
0.998927295208,0.448490232229,0.0111176557839,2.00434215003e-06,0.642533898354,0.880153417587,0.201812937856,0.707600414753,0.275568276644,0.953380942345,0.726686060429,0.945385813713
0.379649460316,0.540649592876,0.319592803717,0.0516777783632,0.816735267639,0.0461239814758,0.0162127632648,0.9932538867,0.643295884132,0.00090807385277,5.11585174223e-09,0.00849396083504
3.00000096379e-14,0.272713273764,0.0955903604627,3.00000096379e-14,0.979391694069,0.174684509635,1.57784197654e-05,0.808817088604,0.101684518158,0.00013310329814,8.13896463114e-07,0.649511575699
0.992071330547,0.850725710392,0.0117911910638,0.266925871372,0.872904658318,0.109256871045,0.795045793056,0.100938297808,0.153786569834,0.0306334141642,0.180024266243,0.646313905716
0.431232392788,0.390468239784,0.128725349903,1.78671140383e-11,0.925569117069,0.0789608284831,0.00161709170789,0.81296736002,0.353549271822,0.0850228592753,0.113881364465,0.0066564232111
0.999999880791,0.585149765015,6.30271088653e-08,3.00000096379e-14,0.945755600929,0.252726793289,0.0351644605398,0.805348753929,0.0752615332603,0.508047044277,0.696312069893,0.199974194169
0.5,0.993295609951,0.509451031685,0.0324012450874,0.33744841814,0.00801893696189,0.40207913518,0.895470619202,0.507513284683,0.11775842309,0.301635921001,0.572144925594
0.999715864658,0.616361021996,0.0774214789271,0.331436276436,0.954113423824,0.485681205988,0.74348783493,0.752071678638,0.298566818237,0.753135144711,0.117330670357,0.00356848840602
0.988441586494,0.995247066021,0.00592631613836,3.00000096379e-14,0.906447589397,0.266814649105,0.00693770637736,0.805498898029,0.288276553154,0.00783705711365,0.00633777538314,0.00399748096243
3.00000096379e-14,0.622126698494,0.0955903604627,3.00000096379e-14,0.979391694069,0.190035670996,1.57784197654e-05,0.808817088604,0.312490522861,0.00159778597299,0.00487673701718,3.88759158199e-09
0.995986223221,0.974860548973,0.0338511541486,0.0208471287042,0.83991509676,0.144011542201,0.814313828945,0.401487857103,0.214235752821,0.0705698207021,0.804324686527,0.723590314388
0.999900281429,0.751242101192,0.00513350544497,3.23524540491e-12,0.838601708412,0.874523282051,0.774299502373,0.63568854332,0.294612139463,0.806523025036,0.545980632305,0.98466527462
0.999359548092,0.403250426054,0.0174768548459,0.104431949556,0.92881321907,0.66480243206,0.828048110008,0.0747051611543,0.180586084723,0.47905254364,0.5,0.913889944553
0.0258867722005,0.982936263084,0.284390002489,0.208869457245,0.239633247256,0.940074086189,0.139325916767,0.64731246233,0.571159601212,0.0472980961204,0.247969970107,0.649387836456
1.0937181969e-06,0.639762938023,0.987686216831,0.00595956901088,0.892777919769,1.79905632058e-10,0.000902885221876,0.993843317032,0.353339284658,0.0108500579372,0.782486200333,2.17065867503e-08
0.999948382378,0.639142334461,0.0317127220333,3.28858912324e-10,0.802483737469,0.459999382496,0.04161863029,0.811937272549,0.356189101934,0.720439493656,0.109102316201,0.584797441959
3.00000096379e-14,0.622126698494,0.0955903604627,3.00000096379e-14,0.979391694069,0.999999880791,1.57784197654e-05,0.808817088604,0.352219283581,0.680558025837,6.20349922542e-08,1.596180077e-08
3.00000096379e-14,0.622126996517,0.0045205457136,3.00000096379e-14,0.977822840214,0.144959568977,1.56510504894e-05,0.808817088604,0.139067649841,0.00172236305661,0.014941890724,0.071259945631
0.89597684145,0.814050316811,0.269301086664,0.399573773146,0.413547307253,0.764699220657,0.451121032238,0.8892827034,0.334520280361,0.451270103455,0.860154151917,0.917433917522
3.00000096379e-14,0.622126698494,0.0955903604627,3.00000096379e-14,0.979391694069,0.204830303788,1.57784197654e-05,0.808817088604,0.138001516461,0.000303331529722,2.16736765424e-07,0.00308705191128
3.00000096379e-14,0.622126698494,0.0955903604627,3.00000096379e-14,0.979391694069,0.620666325092,1.57784197654e-05,0.808817088604,0.305337250233,0.0025154070463,1.25088539527e-09,1.43729126378e-08
0.871297299862,0.879180550575,0.5,0.0122917005792,0.760735630989,0.163404107094,0.237453743815,0.328753620386,0.411561459303,0.765691637993,0.935698449612,0.7294267416
0.999980986118,0.557329714298,0.00553473131731,4.99786898065e-13,0.917884349823,0.861105382442,0.095583871007,0.81401258707,0.429453074932,0.999996125698,0.190339744091,0.397630542517
0.359868824482,0.641996920109,0.384314626455,0.0214627385139,0.581052482128,0.650457799435,0.638867378235,0.879327833652,0.544395506382,0.69857198,0.988308668137,0.636217594147
0.999999880791,0.778672993183,5.69233460368e-09,0.26653021574,0.976923048496,0.241295576096,0.908146739006,0.536837220192,0.3448818326,0.335469394922,1.47527152876e-05,0.330602377653
3.00000096379e-14,0.622126698494,0.0955903604627,3.00000096379e-14,0.979391694069,0.00673697004095,1.57784197654e-05,0.808817088604,0.295095205307,0.00225339061581,6.59712071638e-08,1.79617970275e-07
0.564741790295,0.990957140923,0.335910588503,4.47448474006e-06,0.746751189232,0.219760671258,0.0636531487107,0.792836070061,0.546448588371,0.985611200333,0.963366866112,0.12645894289
0.00448319036514,0.490167140961,4.0236377572e-06,0.978540539742,0.252582013607,0.574667334557,0.876297175884,0.139585524797,0.205793708563,0.0170748438686,0.96045935154,0.0822467207909
0.895587623119,0.200296610594,0.00839261896908,0.267960309982,0.742197930813,0.271382063627,0.930221796036,0.138510942459,0.255275696516,0.250442296267,0.159302458167,0.0201156660914
3.00000096379e-14,0.622126698494,0.0955903604627,3.00000096379e-14,0.979391694069,0.688706576824,1.57784197654e-05,0.808817088604,0.251041024923,0.00945066194981,0.00637246249244,4.85751137091e-08
0.99283260107,0.993882536888,0.0157748237252,0.350402504206,0.88699400425,0.367888748646,0.909054398537,0.261369377375,0.231801494956,0.0166244450957,0.645545244217,0.637916624546
0.999999880791,0.622126698494,0.0301930122077,3.00000096379e-14,0.992986500263,0.355179548264,0.00781281944364,0.808817088604,0.812251508236,0.727597892284,0.896889507771,0.418911218643
0.96060693264,0.076670601964,0.948121964931,0.0441771820188,0.452187120914,0.021295523271,0.217984467745,0.954142212868,0.720578730106,0.248948156834,0.73954385519,0.994179666042
3.00000096379e-14,0.599668085575,0.0430729091167,3.00000096379e-14,0.979298353195,1.51062404257e-05,1.57783797476e-05,0.808817088604,0.349199593067,0.00286121433601,6.97610539646e-06,0.0535126514733
2.14220932548e-07,0.867896139622,0.100295960903,3.00000096379e-14,0.823613762856,0.0501808002591,7.16316435501e-06,0.808817088604,0.537216305733,0.661665856838,0.573733150959,1.57960789693e-06
0.780946493149,0.947938382626,0.392901480198,0.00385735020973,0.20694616437,0.751579403877,0.119173869491,0.978623867035,0.74381840229,0.778536260128,0.312029242516,0.196777164936
0.00828438811004,0.850575685501,0.00330852996558,3.00000096379e-14,0.765122711658,0.371059149504,2.77147901215e-05,0.808817088604,0.137312471867,0.223984465003,0.507320165634,0.986847639084
0.961952209473,0.840279400349,0.786267399788,0.101825863123,0.890843868256,0.175287470222,0.0410873480141,0.749052047729,0.403844922781,0.250143051147,0.661688864231,2.60473189684e-08
0.0434214696288,0.896867990494,0.988267481327,0.00451790913939,0.247693300247,0.112064965069,0.00151981541421,0.995295882225,0.9644998312,0.847936034203,0.872641921043,0.993372261524
0.874905586243,0.941547453403,0.0452627874911,0.114870674908,0.892671108246,0.0538319498301,0.689277172089,0.642382800579,0.281404525042,0.520360708237,0.107779785991,0.644556283951
3.00000096379e-14,0.692671835423,0.00473784096539,3.00000096379e-14,0.970052182674,0.209255933762,1.44440391523e-05,0.808817088604,0.351435631514,0.567769944668,0.945380568504,0.00357181555592
0.961053967476,0.546480059624,0.0176589544863,0.564980328083,0.734445691109,0.782660424709,0.56080532074,0.365462571383,0.207470074296,0.107751525939,0.100180253386,0.00267083756626
0.99822306633,0.946413099766,0.262861609459,0.0271764695644,0.760619401932,0.0974031463265,0.746396303177,0.77889508009,0.383921742439,0.697694420815,0.73927885294,0.084506675601
0.983425080776,0.997175991535,0.362727016211,0.0561437979341,0.878750026226,0.269509941339,0.37780585885,0.860028505325,0.492008388042,0.778339207172,0.207632005215,0.0657684728503
0.0759454146028,0.839514911175,0.0466954819858,0.150783732533,0.742826223373,0.0917564630508,0.553774118423,0.733353555202,0.328920066357,0.99337375164,0.426519781351,0.278956234455
3.00000096379e-14,0.622126698494,0.0955903604627,3.00000096379e-14,0.979391694069,0.480045795441,1.57784197654e-05,0.808817088604,0.0563459433615,0.000500046066009,2.9072992902e-07,0.0963734015822
3.00000096379e-14,0.541271090508,0.0955607444048,3.00000096379e-14,0.979391694069,0.171303078532,1.57784197654e-05,0.808817088604,0.531236886978,0.107733674347,0.112090840936,0.638611018658
3.00000096379e-14,0.624275565147,0.0462884679437,3.00000096379e-14,0.979380369186,0.138298794627,1.57784197654e-05,0.808817088604,0.0653144344687,0.0814335420728,0.0796958878636,0.00334114488214
0.230886310339,0.411979198456,0.730606794357,0.0224165525287,0.978151619434,0.119269624352,0.042099148035,0.887175023556,0.352209240198,0.260976046324,2.01884950002e-06,3.00000096379e-14
3.00000096379e-14,0.624569714069,0.0955903530121,3.00000096379e-14,0.979391694069,0.00941317155957,1.57784197654e-05,0.808817088604,0.33194193244,0.0344171337783,0.043914180249,0.0992039367557
3.00000096379e-14,0.622126698494,0.0955903604627,3.00000096379e-14,0.979391694069,0.784273803234,1.57784197654e-05,0.808817088604,0.2212035954,0.0054705622606,0.00415424676612,8.05156208372e-09
3.00000096379e-14,0.622126698494,0.0955903604627,3.00000096379e-14,0.979391694069,0.972699999809,1.57784197654e-05,0.808817088604,0.208407700062,0.0101417349651,4.54324492694e-07,0.0220362655818
0.999889910221,0.711523652077,0.00801051780581,7.22229079927e-14,0.94568914175,0.590205788612,0.0912298187613,0.80814743042,0.341234236956,0.877495527267,0.5,0.0246628280729
0.997606873512,0.96743196249,0.0120957735926,0.112634681165,0.973748445511,0.48480963707,0.505767643452,0.670489966869,0.268998593092,0.927956163883,0.212303131819,0.444367825985
0.0882901251316,0.650866389275,0.738993048668,0.0365725494921,0.59197807312,0.0587407946587,0.235046282411,0.958950459957,0.432866752148,0.243749514222,0.0292787309736,0.835065066814
0.999994695187,0.786505281925,7.61987348596e-06,0.0133042866364,0.954899132252,0.0897140949965,0.766862511635,0.7348767519,0.410070896149,0.0481508746743,2.67590075964e-06,0.304294198751
0.999985218048,0.666621565819,0.00620264001191,0.909655630589,0.893741130829,0.264900743961,0.936417996883,0.782331883907,0.0721920505166,0.00444515002891,1.23684576465e-05,0.831495463848
0.896030008793,0.0471120327711,0.273990273476,2.60542032393e-10,0.60507774353,0.561309695244,0.0646196454763,0.796848595142,0.655022680759,0.994823753834,0.993677616119,0.0853510424495
3.00000096379e-14,0.622126698494,0.0955903604627,3.00000096379e-14,0.979391694069,0.161768972874,1.57784197654e-05,0.808817088604,0.51656126976,0.0361377820373,0.00350263086148,1.98369196069e-10
0.999895513058,0.901666462421,1.70776966115e-05,0.007546343375,0.83548861742,0.7383710742,0.789009690285,0.931640565395,0.313066214323,0.915373563766,0.452873319387,0.0765933841467
0.963874280453,0.346645742655,0.309834867716,0.0558073222637,0.81900459528,0.524498224258,0.17370583117,0.359134167433,0.34775736928,0.433928996325,0.164519786835,0.339805692434
3.00000096379e-14,0.606149256229,0.0955903604627,3.00000096379e-14,0.979391694069,0.0668851807714,1.57784197654e-05,0.808817088604,0.305600136518,0.00844009965658,0.0191429685801,0.425355255604
0.983354687691,0.256380587816,0.0473681986332,0.0693502277136,0.790441393852,0.593890547752,0.795309722424,0.0797601938248,0.248291268945,0.192765131593,0.636562883854,0.998185992241
0.620371580124,0.986129939556,0.296895384789,0.0806604102254,0.302989602089,0.773204863071,0.336225748062,0.275724351406,0.452522546053,0.999999344349,0.710886240005,0.225234046578
0.423845440149,0.975856840611,0.638235211372,0.0681515708566,0.396636486053,0.284382075071,0.0739026144147,0.969652414322,0.549883663654,0.965446293354,0.00834161788225,0.424438625574
0.963636815548,0.750739455223,0.620875179768,0.392875552177,0.807849943638,0.164742678404,0.182754307985,0.970583975315,0.389448940754,0.000760512368288,0.23702506721,0.550395548344
3.00000096379e-14,0.622126698494,0.0955903604627,3.00000096379e-14,0.979391694069,0.471237510443,1.57784197654e-05,0.808817088604,0.355291903019,0.0102596404031,1.1281243717e-09,5.94138828092e-06
0.304033666849,0.93183106184,0.5,0.00944741070271,0.0558719523251,0.77104383707,0.14318998158,0.817896187305,0.301832318306,0.999999344349,0.508197247982,0.976032495499
3.00000096379e-14,0.622126698494,0.0955903604627,3.00000096379e-14,0.979391694069,0.0247405860573,1.57784197654e-05,0.808817088604,0.353095382452,0.00114259135444,0.00538637163118,2.44105818892e-10
0.887785971165,0.723772287369,0.00906691979617,0.0790108591318,0.868905484676,0.45922806859,0.605208158493,0.360208928585,0.267605483532,0.229305997491,0.1274125278,0.166122660041
0.0209513586015,0.972817897797,0.992324531078,1.1111214917e-05,0.116991601884,0.131816983223,0.0137945590541,0.978967368603,0.935106933117,0.979227542877,0.969581007957,0.871639370918
0.416592299938,0.0239584296942,0.151217758656,0.0405035838485,0.857633173466,0.0180599950254,0.00792582239956,0.999994635582,0.389059752226,0.00324575044215,0.0723499581218,8.47463695663e-07
3.00000096379e-14,0.622126698494,0.0955903604627,3.00000096379e-14,0.979391694069,0.706367790699,1.57784197654e-05,0.808817088604,0.0952195674181,0.00123782898299,0.00539370439947,0.0324922055006
3.00000096379e-14,0.622126698494,0.0955903604627,3.00000096379e-14,0.979391694069,0.203822150826,1.57784197654e-05,0.808817088604,0.0543029010296,0.000636543671135,1.05650569822e-05,0.0140927871689
0.47060084343,0.461882203817,0.433998197317,0.0674485638738,0.609720468521,0.107901372015,0.241975367069,0.883246183395,0.6383497715,0.971420288086,0.736123204231,0.0264385677874
0.999766647816,0.830829381943,0.00338186393492,0.801918983459,0.924304485321,0.273890435696,0.95201086998,0.157553687692,0.166628792882,0.969308614731,0.0732440426946,0.793789446354
0.999362647533,0.956760823727,0.00606605969369,0.102566018701,0.937026083469,0.259774208069,0.940394699574,0.265058040619,0.156743198633,0.251534789801,0.058011572808,0.777453958988
0.846850037575,0.238156348467,0.0521835461259,0.483103841543,0.799630701542,0.303825199604,0.833308696747,0.310658305883,0.261894792318,0.874170184135,0.0321142114699,0.0267064590007
0.184106215835,0.46686181426,0.5,0.0707711130381,0.567651212215,0.584414899349,0.0925303250551,0.894666671753,0.383570224047,0.983659029007,0.982933759689,0.0268017295748
3.00000096379e-14,0.622126698494,0.0955903604627,3.00000096379e-14,0.979391694069,0.171952605247,1.57784197654e-05,0.808817088604,0.155274197459,0.00163639977109,0.00867786910385,0.0168673954904
0.639192283154,0.22209854424,0.671370387077,0.120353721082,0.739198386669,0.167755454779,0.346330165863,0.793323814869,0.416324645281,0.46057677269,0.0984430834651,0.984329223633
0.704082369804,0.662707567215,0.671683430672,0.220077514648,0.439574897289,0.102342583239,0.418596059084,0.79445618391,0.368763834238,0.981695771217,0.662249445915,0.676724910736
0.971006810665,0.283967196941,0.0638163164258,0.260893702507,0.872655332088,0.362172722816,0.879474639893,0.366754472256,0.218706637621,0.0274648033082,0.0968046113849,0.79098713398
0.999768674374,0.513551175594,0.0112730711699,0.377349436283,0.774660825729,0.470900326967,0.880738139153,0.229563847184,0.20588542521,0.918110668659,0.121405906975,0.754499435425
0.991328895092,0.842512369156,0.379178136587,0.0166817847639,0.851340055466,0.0027134725824,0.398848384619,0.952366471291,0.165383562446,0.0419570244849,0.016164617613,0.195551529527
3.00000096379e-14,0.622126698494,0.0954509973526,3.00000096379e-14,0.979391694069,0.318042010069,1.57784197654e-05,0.808817088604,0.289984107018,0.025947406888,4.90483500926e-07,2.18817967834e-06
0.972292661667,0.190717279911,0.222249597311,0.141365587711,0.381660282612,0.621158182621,0.646791815758,0.460840374231,0.409272789955,0.987272024155,0.978986740112,0.978519976139
0.999998927116,0.957060575485,0.0553459636867,0.0864521637559,0.415990024805,0.759870409966,0.362707465887,0.548778831959,0.381453186274,0.644881188869,0.434488922358,0.998385369778
3.00000096379e-14,0.622126698494,0.0955903604627,3.00000096379e-14,0.979391694069,0.195188373327,1.57784197654e-05,0.808817088604,0.0802408903837,0.00815614778548,0.00794636085629,0.0243849828839
0.999698936939,0.5,0.0794597119093,0.0255033969879,0.952900767326,0.383936196566,0.879045248032,0.903343498707,0.28076851368,0.462631911039,0.246536374092,0.240700617433
0.285191655159,0.720103144646,0.935015797615,0.102088205516,0.297514647245,0.318078756332,0.131032168865,0.782007157803,0.523413896561,0.42524549365,0.0215974226594,0.990834593773
0.980214297771,0.089776918292,0.42894244194,0.40512740612,0.763687670231,0.670148313046,0.540606796741,0.0969602689147,0.3353741467,0.0896393731236,0.452495396137,0.989845454693
0.793473720551,0.113471463323,0.819488406181,0.00664120307192,0.290254771709,0.43606492877,0.157343178988,0.386144757271,0.719188868999,0.999995112419,0.998494505882,0.512373507023
0.9999807477,0.609612166882,0.158306673169,0.00570467347279,0.979888737202,0.0637995153666,0.991883218288,0.206639796495,0.298699200153,0.906728684902,0.0305652990937,0.910895347595
0.970844626427,0.0735362395644,0.564841985703,0.00667309109122,0.29838308692,0.147568449378,0.5,0.5,0.555418014526,0.877588093281,0.754932403564,0.872041881084
0.958655416965,0.0805887654424,0.491444885731,0.0542455427349,0.417858481407,0.453947007656,0.386532396078,0.304484188557,0.390540570021,0.378982365131,0.622345745564,0.997666299343
0.998492360115,0.00435257749632,0.130703926086,0.222893118858,0.93765515089,0.019256317988,0.830016732216,0.168318033218,0.214104026556,0.0721388086677,0.00288217863999,0.972723841667
0.986436903477,0.381936073303,0.977527201176,0.0223135966808,0.753456115723,0.640022158623,0.0678869411349,0.902365028858,0.52828001976,0.5,0.927647411823,0.0538623668253
0.759702324867,0.510326981544,0.0802610218525,0.0199384149164,0.585079610348,0.225464001298,0.64381301403,0.0747752338648,0.415462136269,0.602417886257,0.315476685762,0.048582136631
0.895201683044,0.521051347256,0.0442916341126,0.418490767479,0.645856082439,0.234174281359,0.5,0.0903245806694,0.252237200737,0.163563296199,0.553265988827,0.0816121697426
3.00000096379e-14,0.622126698494,0.0953706204891,3.00000096379e-14,0.979391694069,0.108403675258,1.57784197654e-05,0.808817088604,0.0968231409788,0.00308774318546,9.11512501034e-08,0.00820502173156
3.00000096379e-14,0.622126698494,0.0955903604627,3.00000096379e-14,0.979391694069,0.0152531061321,1.57784197654e-05,0.808817088604,0.0544690787792,0.0102000143379,0.00269186473452,0.200407788157
0.995144248009,0.97522944212,0.00503867678344,0.0662216767669,0.719380915165,0.679200708866,0.855741739273,0.191344693303,0.24409519136,0.974439501762,0.117930404842,0.532969295979
0.999999880791,0.622255384922,1.96811839714e-07,3.00000096379e-14,0.995447635651,0.0835735574365,0.000688809028361,0.808817088604,0.0565222017467,0.0190159808844,0.0155874695629,0.0215520504862
0.160981714725,0.695668458939,0.510504961014,0.0829747244716,0.509821295738,0.629322528839,0.216791853309,0.71872395277,0.671418368816,0.698045313358,0.0271954126656,0.985099196434
0.997277259827,0.680651426315,0.0314586125314,0.0472248233855,0.727441370487,0.787477433681,0.777912676334,0.799335002899,0.255537897348,0.174319371581,0.0374597646296,0.99989849329
0.918911159039,0.916664898396,0.442214459181,0.420810192823,0.812802910805,0.0968336611986,0.788642048836,0.4045548141,0.408555835485,0.82254743576,0.746303498745,0.792507231236
0.923153042793,0.373213857412,0.41824555397,0.265982240438,0.926122367382,0.0682367309928,0.475188374519,0.566764473915,0.251452922821,0.802324414253,0.0708701759577,0.530028104782
3.00000096379e-14,0.622126817703,0.0955903604627,3.00000096379e-14,0.979391694069,0.372469097376,1.57784197654e-05,0.808817088604,0.188411265612,0.0824092328548,0.00302989594638,0.0196826700121
0.84766638279,0.089383110404,0.333998650312,0.287743717432,0.867117524147,0.250961840153,0.844154298306,0.338329941034,0.609419763088,0.984350681305,0.168551012874,0.76115834713
0.45626616478,0.0130097009242,0.401145190001,0.0298961661756,0.52583861351,0.666158556938,0.816529333591,0.305908739567,0.362403213978,0.557812571526,0.0209435708821,0.998066604137
0.982054650784,0.784482777119,0.125020086765,0.0525592528284,0.924530923367,0.56827545166,0.937141895294,0.848390221596,0.150596559048,0.984844326973,0.0799043923616,0.740241527557
3.00000096379e-14,0.72969609499,0.0593251101673,3.00000096379e-14,0.979381620884,0.0521413572133,1.57784197654e-05,0.808817088604,0.175547525287,0.0346425883472,0.00678107421845,9.77677791525e-06
0.703747212887,0.658031523228,0.0282691083848,0.38182747364,0.632337450981,0.728363990784,0.769759654999,0.152220115066,0.25849327445,0.573789000511,0.0371990799904,0.0262947119772
3.00000096379e-14,0.622126698494,0.0955903604627,3.00000096379e-14,0.979391694069,0.075541652739,1.57784197654e-05,0.808817088604,0.140210956335,0.000820783781819,0.00478053744882,0.0048670116812
0.999715268612,0.850235342979,0.0121863465756,0.381427198648,0.939324736595,0.555678606033,0.960593998432,0.462558239698,0.297444403172,0.964738845825,0.267695635557,0.331029683352
0.999186575413,0.111866667867,0.0485338941216,0.476271212101,0.80721116066,0.148595526814,0.828430533409,0.736275792122,0.225307583809,0.0736411437392,0.0783897638321,0.0786152109504
0.287786513567,0.931660950184,0.926061332226,0.024516267702,0.0408343672752,0.909953176975,0.105651646852,0.950145304203,0.827783823013,0.995352864265,0.485710144043,0.966501891613
3.00000096379e-14,0.622204363346,0.0955903604627,3.00000096379e-14,0.979391694069,0.187640279531,1.57784197654e-05,0.808817088604,0.105539187789,0.316593497992,0.00360006792471,3.40089400197e-07
3.00000096379e-14,0.622126698494,0.0955903604627,3.00000096379e-14,0.979391694069,0.273078382015,1.57784197654e-05,0.808817088604,0.14082929492,0.0338715054095,0.00370235391892,5.09107985636e-06
0.759879171848,0.0168943684548,0.959777355194,0.135342717171,0.861275613308,0.833353459835,0.542383491993,0.940280377865,0.557917892933,0.473344117403,0.289033979177,0.971519887447
0.99981200695,0.910743534565,3.04619379676e-06,9.68092186276e-12,0.965674757957,0.711791217327,0.0225310027599,0.80874812603,0.0585834793746,0.215742945671,0.00296028261073,0.954343676567
0.939504921436,0.416233986616,0.0628408789635,0.0350078344345,0.829778015614,0.627559781075,0.910645067692,0.319140791893,0.235572293401,0.987458348274,0.103859446943,0.318569809198
0.0768798664212,0.969368517399,0.240129500628,0.150877445936,0.668292820454,0.176667660475,0.154218643904,0.957630217075,0.70877790451,0.110079467297,0.0645060241222,0.18384462595
0.96882390976,0.220640867949,0.560875177383,0.339749544859,0.929055511951,0.153374701738,0.528816461563,0.816517531872,0.349266886711,0.43114310503,0.450800418854,0.194032922387
0.972334086895,0.756069600582,0.574128508568,0.0703071206808,0.608241558075,0.439644306898,0.422578811646,0.708186268806,0.346560448408,0.934192061424,0.0477640964091,0.994469463825
0.993965446949,0.922769784927,0.0122700538486,0.360161006451,0.920677781105,0.109587281942,0.883591771126,0.574054718018,0.137968733907,0.454800069332,0.0268028024584,0.861468553543
0.999572575092,0.0598342306912,0.133220866323,0.107238456607,0.746153175831,0.120086587965,0.802691698074,0.395715147257,0.334353119135,0.834840595722,0.820132732391,0.0897173285484
3.00000096379e-14,0.622126698494,0.0955903604627,3.00000096379e-14,0.979391694069,0.0798463001847,1.57784197654e-05,0.808817088604,0.287239253521,0.012703474611,1.26464110508e-05,1.48655863086e-05
0.992652118206,0.99595695734,0.0545392259955,0.0982411950827,0.706102788448,0.608192205429,0.391758441925,0.581377267838,0.20276850462,0.985884666443,0.101310886443,0.59665542841
0.95390444994,0.0807000845671,0.182631567121,0.309769749641,0.507191359997,0.407171487808,0.534617424011,0.815737783909,0.215951427817,0.935955762863,0.979027211666,0.494484335184
0.997790694237,0.223687112331,0.062082786113,0.210145801306,0.825981080532,0.0856311991811,0.750496566296,0.272714078426,0.151469752192,0.0115955211222,0.0493861176074,0.900918185711
3.00000096379e-14,0.622126698494,0.0955903604627,3.00000096379e-14,0.979391694069,0.155164599419,1.57784197654e-05,0.808817088604,0.158762678504,0.0132984304801,1.27549697027e-06,0.00577297061682
0.998570561409,0.221237108111,0.119406037033,0.0155853228644,0.743352651596,0.788521230221,0.671189308167,0.270654261112,0.471133768559,0.817764699459,0.281192481518,0.706020355225
0.478285819292,0.964352309704,0.050523892045,3.00000096379e-14,0.965981781483,0.0345202572644,0.000435375724919,0.808829367161,0.329960048199,0.453478991985,0.0240784063935,0.654554963112
3.00000096379e-14,0.622126698494,0.0955903604627,3.00000096379e-14,0.979391694069,0.609946668148,1.57784197654e-05,0.808817088604,0.183429583907,0.0083213057369,1.7160411403e-07,0.0106594143435
0.968874156475,0.341197967529,0.0135858077556,3.00000096379e-14,0.957137465477,0.231693804264,2.49551612796e-05,0.808817088604,0.565112650394,0.124188423157,0.620431363583,0.95928800106
0.953705787659,0.827698528767,0.0235406104475,0.955198407173,0.735684812069,0.100564457476,0.878998756409,0.645102083683,0.0603625923395,0.000812378828414,2.54806172961e-06,0.686221063137
3.00000096379e-14,0.622126698494,0.0955903604627,3.00000096379e-14,0.979391694069,0.0435074046254,1.57784197654e-05,0.808817088604,0.0393463037908,0.00566187361255,5.70263978261e-07,2.26310066864e-06
0.660271525383,0.218664035201,0.0272485613823,0.953687369823,0.269003599882,0.101536139846,0.558293640614,0.014732517302,0.0221899617463,0.00204863981344,0.14932975173,0.91734957695
0.999997854233,0.947169482708,0.00346335535869,0.617425501347,0.97303789854,0.101355448365,0.925149023533,0.0443248972297,0.0745798572898,0.531362175941,0.0630106553435,0.264407724142
0.948462724686,0.511722505093,0.0250768065453,0.0734089836478,0.91481000185,0.446733891964,0.550279557705,0.332115054131,0.376539260149,0.355361700058,0.317847162485,0.77892011404
0.999999880791,0.622126698494,9.2244238914e-09,3.00000096379e-14,0.989811778069,0.053184773773,2.86415779556e-05,0.808817088604,0.0587922334671,0.000365380896255,0.0332135520875,0.217484489083
0.961644291878,0.66885381937,0.0926549062133,0.069826297462,0.856202721596,0.189641237259,0.703359246254,0.366268604994,0.772140681744,0.70431125164,0.616221725941,0.0486971475184
3.00000096379e-14,0.622126698494,0.0955903604627,3.00000096379e-14,0.979391694069,0.999999880791,1.57784197654e-05,0.808817088604,0.356349349022,0.00891394820064,3.18661919074e-09,0.0185853186995
3.00000096379e-14,0.622126698494,0.0955903604627,3.00000096379e-14,0.979391694069,0.184536591172,1.57784197654e-05,0.808817088604,0.108992829919,0.0165373124182,8.82018775883e-06,0.00691764755175
0.483478277922,1.68947437373e-07,0.985626459122,0.128946617246,0.251216650009,0.644302964211,0.14485566318,0.757446348667,0.610806465149,0.756517350674,0.352989941835,0.999748110771
3.00000096379e-14,0.622126698494,0.0955903604627,3.00000096379e-14,0.979391694069,0.174652263522,1.57784197654e-05,0.808817088604,0.0308501962572,0.176542341709,0.0206755809486,0.0224625337869
0.988697171211,0.0167661886662,0.0733513683081,0.321224778891,0.637396812439,0.58203959465,0.813209593296,0.0301107335836,0.281814575195,0.945060610771,0.167433857918,0.571874916553
0.966385543346,0.579746842384,0.186648115516,0.0206964295357,0.558671355247,0.0386024937034,0.543749034405,0.5,0.289701968431,0.412431865931,0.00369816459715,0.992625892162
0.994646549225,0.809612631798,9.76259707386e-06,3.00000096379e-14,0.952625632286,0.434907853603,7.22056211089e-05,0.808817088604,0.111292742193,0.00635371776298,0.00404248898849,0.667724013329
0.990273177624,0.0388757809997,0.177271872759,0.0945699065924,0.906438350677,0.457668721676,0.67344558239,0.92420065403,0.336038976908,0.769649267197,0.450849801302,0.985013306141
3.00000096379e-14,0.622126698494,0.0955903604627,3.00000096379e-14,0.979391694069,0.290783762932,1.57784197654e-05,0.808817088604,0.12105564028,0.000632354349364,4.11907706166e-07,0.00591558916494
0.950217187405,0.646027326584,0.0148894432932,0.654676198959,0.861548900604,0.226846680045,0.907839953899,0.0157136619091,0.0917709246278,0.940798044205,0.0072727818042,0.979406893253
1.35590642003e-06,0.238313317299,0.0228588581085,0.690411150455,0.139306679368,0.87583643198,0.510668814182,0.142778918147,0.0994458720088,0.482150912285,0.108770780265,0.842134416103
0.984243988991,0.644964337349,0.0129591645673,0.285692244768,0.976858973503,0.221168577671,0.889568924904,0.160046204925,0.0982417538762,0.387878835201,0.0055541433394,0.664424955845
0.999987125397,0.116068482399,0.00792299676687,0.194103777409,0.934836149216,0.630396306515,0.840127646923,0.162515118718,0.175226911902,0.0997264906764,0.262352883816,0.534786820412
0.448644936085,0.256661862135,0.450985848904,0.0825382620096,0.740626096725,0.598090291023,0.276748538017,0.799768269062,0.722985208035,0.978648364544,0.994741618633,0.778193533421
0.999999880791,0.198506399989,0.00256825867109,0.014229635708,0.988575696945,0.268714725971,0.824682414532,0.799318492413,0.0549686960876,0.45546618104,0.0247397087514,0.159198358655
0.987842679024,0.73623329401,0.0231254771352,0.193722784519,0.933745384216,0.167396366596,0.949036836624,0.301321566105,0.162963211536,0.840481340885,0.0982210189104,0.299610823393
3.00000096379e-14,0.622126758099,0.0955879017711,3.00000096379e-14,0.979391694069,0.242941215634,1.57784197654e-05,0.808817088604,0.255776822567,0.0183505155146,3.19511923408e-06,1.51901540448e-05
0.951309144497,0.341028511524,0.170537412167,0.0506336018443,0.723075091839,0.370857775211,0.658146440983,0.485318690538,0.242482334375,0.83680742979,0.0907921344042,0.0840025991201
0.999997019768,0.755986750126,4.08811224872e-08,4.36706017126e-07,0.990454792976,0.0335981398821,0.921713232994,0.694279193878,0.230163708329,0.00298325484619,0.00285983853973,0.190247476101
0.988992750645,0.0752788931131,0.0520546212792,0.453814864159,0.863539636135,0.1565105021,0.845027327538,0.176236912608,0.12694427371,0.285043179989,0.425203353167,0.772526800632
3.00000096379e-14,0.622126698494,0.0955903604627,3.00000096379e-14,0.979391694069,0.320509433746,1.57784197654e-05,0.808817088604,0.0543760433793,0.0087818512693,2.80189465229e-06,0.015044705011
0.999801874161,0.0937350094318,0.0145441954955,1.58639650181e-05,0.94104218483,0.0474169403315,0.134083136916,0.841211915016,0.32127982378,0.00257086008787,1.11255758384e-06,0.990669131279
0.179554224014,0.890919685364,0.811334967613,0.0212488789111,0.437931925058,0.30598115921,0.112408868968,0.921832501888,0.722790181637,0.776482224464,0.788763999939,0.436094760895
3.00000096379e-14,0.622126698494,0.0955903604627,3.00000096379e-14,0.979391694069,0.0443350635469,1.57784197654e-05,0.808817088604,0.0516516007483,0.016986489296,1.51910057866e-08,0.00599596230313
0.889653205872,0.0276493225247,0.238807320595,0.232943683863,0.955848574638,0.0588659495115,0.762844026089,0.453546285629,0.376548051834,0.0753734558821,0.0557085946202,0.143589884043
0.980419278145,0.00687758438289,0.0408069379628,0.925700545311,0.493996977806,0.280435919762,0.772702336311,0.00727466866374,0.0553399547935,0.127511069179,0.930199801922,0.997684895992
3.00000096379e-14,0.622126698494,0.0955903604627,3.00000096379e-14,0.979391694069,0.110608257353,1.57784197654e-05,0.808817088604,0.104913339019,0.00281581631862,1.37812321555e-05,9.06939590095e-07
3.00000096379e-14,0.0470156855881,0.0298014804721,3.00000096379e-14,0.939384639263,0.0898881852627,1.36941353048e-05,0.808817088604,0.147151678801,0.350085377693,0.992824018002,0.689829170704
0.999923467636,0.953028142452,0.0076882103458,0.0243809893727,0.911871135235,0.2353810817,0.552740573883,0.850725769997,0.525144636631,0.201954260468,0.0198243167251,0.724009156227
0.992014408112,0.0321779623628,0.0277902875096,0.603439867496,0.972612202168,0.22831581533,0.936362266541,0.11569750309,0.0987817645073,0.202184692025,0.381698906422,0.978955090046
3.00000096379e-14,0.622126698494,0.0955903604627,3.00000096379e-14,0.979391694069,0.442967444658,1.57784197654e-05,0.808817088604,0.159749433398,0.0129082901403,0.0122688636184,0.00619662553072
3.00000096379e-14,0.622126698494,0.0955903604627,3.00000096379e-14,0.979391694069,0.032108463347,1.57784197654e-05,0.808817088604,0.055930417031,0.356699258089,4.44360648544e-06,0.0398538075387
0.850787341595,0.278540819883,0.0250843092799,0.870312690735,0.754351258278,0.0970096886158,0.734486579895,0.0466585941613,0.199959442019,0.19682970643,0.0794660001993,0.946317136288
0.995711863041,0.120727002621,0.055519759655,0.202377036214,0.803773224354,0.407112807035,0.84827619791,0.839948177338,0.524707138538,0.285817533731,0.0607195720077,0.998669147491
0.998459637165,0.0405602827668,0.0187709517777,0.0704532116652,0.903645694256,0.27351886034,0.928701996803,0.13863530755,0.142384156585,0.901274502277,0.73726773262,0.865912556648
